id,received_likes,user_group
1,1296,Group1
2,1235,Group1
3,1164,Group1
4,1134,Group1
5,1096,Group1
6,940,Group1
7,925,Group1
8,921,Group1
9,908,Group1
10,904,Group1
11,900,Group1
12,894,Group1
13,873,Group1
14,871,Group1
15,854,Group1
16,826,Group1
17,811,Group1
18,806,Group1
19,800,Group1
20,781,Group1
21,768,Group1
22,765,Group1
23,747,Group1
24,746,Group1
25,719,Group1
26,718,Group1
27,713,Group1
28,710,Group1
29,710,Group1
30,701,Group1
31,680,Group1
32,678,Group1
33,675,Group1
34,671,Group1
35,661,Group1
36,655,Group1
37,646,Group2
38,638,Group1
39,627,Group1
40,614,Group2
41,613,Group2
42,611,Group1
43,606,Group1
44,605,Group2
45,601,Group1
46,600,Group1
47,580,Group1
48,580,Group1
49,579,Group1
50,578,Group2
51,569,Group1
52,562,Group1
53,552,Group1
54,547,Group1
55,547,Group1
56,547,Group1
57,547,Group1
58,546,Group1
59,545,Group1
60,543,Group1
61,542,Group1
62,541,Group1
63,537,Group1
64,534,Group2
65,533,Group1
66,530,Group1
67,529,Group2
68,525,Group1
69,525,Group1
70,524,Group1
71,521,Group1
72,519,Group1
73,515,Group1
74,515,Group1
75,511,Group2
76,508,Group1
77,507,Group2
78,503,Group1
79,502,Group1
80,499,Group1
81,493,Group1
82,493,Group1
83,489,Group1
84,486,Group1
85,482,Group1
86,478,Group1
87,478,Group1
88,478,Group2
89,477,Group1
90,476,Group1
91,475,Group2
92,474,Group2
93,471,Group1
94,471,Group1
95,471,Group1
96,469,Group1
97,459,Group1
98,456,Group1
99,456,Group1
100,454,Group1
101,451,Group1
102,449,Group1
103,448,Group2
104,445,Group1
105,443,Group1
106,437,Group1
107,435,Group1
108,433,Group1
109,429,Group1
110,419,Group2
111,418,Group2
112,418,Group1
113,418,Group2
114,418,Group1
115,417,Group1
116,415,Group1
117,415,Group1
118,412,Group1
119,411,Group1
120,409,Group1
121,405,Group1
122,402,Group1
123,402,Group1
124,396,Group1
125,395,Group1
126,393,Group2
127,391,Group1
128,387,Group1
129,387,Group1
130,385,Group1
131,384,Group2
132,383,Group1
133,382,Group1
134,380,Group1
135,376,Group1
136,376,Group1
137,375,Group1
138,374,Group1
139,374,Group1
140,372,Group1
141,372,Group1
142,371,Group1
143,370,Group1
144,368,Group1
145,361,Group1
146,358,Group1
147,358,Group2
148,355,Group2
149,354,Group1
150,352,Group2
151,351,Group2
152,350,Group2
153,348,Group2
154,346,Group1
155,345,Group2
156,345,Group1
157,343,Group1
158,342,Group1
159,342,Group1
160,342,Group1
161,341,Group1
162,340,Group1
163,337,Group1
164,334,Group1
165,333,Group1
166,332,Group1
167,332,Group1
168,331,Group2
169,331,Group1
170,330,Group1
171,330,Group1
172,329,Group1
173,327,Group1
174,326,Group1
175,326,Group1
176,324,Group2
177,323,Group1
178,323,Group1
179,320,Group1
180,319,Group1
181,317,Group1
182,317,Group1
183,315,Group1
184,314,Group1
185,313,Group1
186,313,Group1
187,312,Group1
188,312,Group2
189,312,Group1
190,311,Group1
191,311,Group2
192,310,Group1
193,310,Group1
194,307,Group1
195,307,Group1
196,307,Group1
197,306,Group1
198,306,Group1
199,304,Group1
200,302,Group1
201,301,Group1
202,301,Group2
203,300,Group1
204,298,Group2
205,297,Group2
206,295,Group1
207,293,Group2
208,293,Group1
209,292,Group1
210,289,Group1
211,288,Group2
212,287,Group1
213,285,Group1
214,284,Group1
215,282,Group2
216,282,Group1
217,281,Group2
218,281,Group2
219,277,Group2
220,274,Group1
221,274,Group1
222,274,Group1
223,273,Group1
224,273,Group1
225,273,Group1
226,273,Group1
227,271,Group2
228,270,Group2
229,269,Group2
230,267,Group1
231,265,Group1
232,264,Group1
233,262,Group1
234,261,Group2
235,260,Group2
236,260,Group1
237,259,Group2
238,259,Group1
239,256,Group1
240,256,Group1
241,254,Group1
242,254,Group1
243,253,Group1
244,252,Group2
245,252,Group1
246,252,Group1
247,251,Group1
248,251,Group1
249,250,Group1
250,249,Group1
251,249,Group1
252,248,Group1
253,248,Group1
254,247,Group1
255,247,Group1
256,246,Group2
257,246,Group2
258,245,Group1
259,245,Group1
260,245,Group2
261,244,Group1
262,244,Group1
263,243,Group1
264,242,Group1
265,241,Group2
266,241,Group2
267,238,Group2
268,238,Group1
269,236,Group1
270,236,Group1
271,233,Group1
272,231,Group1
273,230,Group2
274,229,Group1
275,229,Group2
276,228,Group2
277,228,Group1
278,225,Group1
279,225,Group1
280,223,Group1
281,223,Group1
282,223,Group1
283,223,Group1
284,221,Group1
285,219,Group2
286,219,Group1
287,218,Group2
288,218,Group1
289,214,Group2
290,213,Group1
291,213,Group1
292,212,Group1
293,208,Group2
294,208,Group1
295,208,Group2
296,207,Group1
297,207,Group2
298,205,Group1
299,204,Group1
300,204,Group1
301,204,Group1
302,204,Group1
303,203,Group1
304,202,Group1
305,201,Group1
306,200,Group1
307,199,Group1
308,199,Group1
309,198,Group1
310,198,Group1
311,197,Group2
312,197,Group1
313,196,Group1
314,196,Group1
315,195,Group1
316,195,Group1
317,193,Group1
318,192,Group1
319,191,Group1
320,191,Group2
321,189,Group1
322,187,Group2
323,187,Group2
324,186,Group1
325,186,Group1
326,185,Group1
327,185,Group1
328,184,Group2
329,184,Group2
330,183,Group2
331,183,Group1
332,183,Group2
333,180,Group1
334,179,Group2
335,176,Group1
336,176,Group1
337,175,Group1
338,175,Group2
339,174,Group1
340,174,Group1
341,174,Group2
342,173,Group1
343,172,Group1
344,170,Group2
345,170,Group1
346,169,Group2
347,169,Group1
348,168,Group1
349,168,Group1
350,167,Group1
351,167,Group1
352,166,Group2
353,166,Group2
354,165,Group1
355,165,Group1
356,165,Group1
357,164,Group2
358,163,Group2
359,163,Group2
360,162,Group2
361,162,Group2
362,161,Group1
363,161,Group2
364,161,Group1
365,161,Group2
366,161,Group1
367,161,Group1
368,160,Group2
369,159,Group1
370,158,Group1
371,158,Group2
372,158,Group1
373,158,Group1
374,157,Group2
375,155,Group2
376,154,Group1
377,154,Group1
378,153,Group1
379,153,Group1
380,153,Group1
381,152,Group1
382,152,Group1
383,152,Group1
384,151,Group2
385,151,Group1
386,151,Group2
387,151,Group2
388,151,Group1
389,150,Group1
390,150,Group1
391,150,Group2
392,150,Group2
393,150,Group1
394,149,Group2
395,147,Group1
396,147,Group1
397,147,Group1
398,147,Group2
399,147,Group1
400,147,Group1
401,146,Group1
402,146,Group1
403,145,Group1
404,145,Group1
405,145,Group1
406,145,Group1
407,144,Group1
408,144,Group2
409,144,Group1
410,144,Group2
411,143,Group1
412,142,Group1
413,142,Group1
414,142,Group1
415,141,Group1
416,141,Group1
417,140,Group1
418,139,Group2
419,139,Group2
420,139,Group1
421,139,Group1
422,138,Group1
423,138,Group1
424,137,Group2
425,137,Group1
426,137,Group1
427,137,Group1
428,136,Group1
429,136,Group1
430,136,Group1
431,135,Group2
432,135,Group2
433,135,Group1
434,135,Group1
435,135,Group1
436,135,Group2
437,134,Group1
438,134,Group1
439,133,Group2
440,132,Group1
441,132,Group1
442,130,Group1
443,130,Group1
444,130,Group1
445,130,Group1
446,130,Group2
447,130,Group1
448,130,Group2
449,130,Group2
450,129,Group2
451,129,Group2
452,129,Group1
453,129,Group1
454,129,Group1
455,128,Group1
456,128,Group2
457,127,Group1
458,127,Group1
459,127,Group2
460,126,Group2
461,126,Group1
462,126,Group2
463,126,Group1
464,126,Group1
465,123,Group2
466,123,Group2
467,121,Group1
468,121,Group2
469,121,Group1
470,121,Group2
471,121,Group1
472,120,Group1
473,119,Group2
474,118,Group2
475,118,Group2
476,117,Group1
477,117,Group1
478,117,Group1
479,117,Group1
480,116,Group1
481,116,Group2
482,116,Group2
483,116,Group2
484,115,Group1
485,115,Group1
486,115,Group2
487,113,Group1
488,113,Group2
489,113,Group1
490,112,Group1
491,112,Group1
492,112,Group1
493,111,Group1
494,111,Group1
495,110,Group2
496,110,Group2
497,110,Group2
498,110,Group1
499,110,Group2
500,109,Group2
501,109,Group1
502,109,Group1
503,108,Group1
504,108,Group1
505,108,Group1
506,108,Group2
507,108,Group1
508,108,Group1
509,108,Group1
510,108,Group1
511,106,Group2
512,105,Group1
513,104,Group2
514,104,Group2
515,104,Group2
516,104,Group2
517,103,Group1
518,102,Group2
519,102,Group2
520,102,Group1
521,101,Group1
522,101,Group1
523,101,Group1
524,101,Group2
525,100,Group1
526,100,Group1
527,100,Group1
528,100,Group2
529,100,Group1
530,100,Group2
531,99,Group2
532,99,Group1
533,98,Group1
534,98,Group1
535,97,Group1
536,97,Group1
537,97,Group1
538,97,Group1
539,97,Group2
540,97,Group2
541,96,Group1
542,95,Group2
543,95,Group1
544,95,Group2
545,95,Group2
546,95,Group1
547,94,Group1
548,94,Group1
549,94,Group2
550,93,Group1
551,93,Group2
552,93,Group2
553,92,Group1
554,92,Group1
555,91,Group1
556,91,Group2
557,91,Group2
558,91,Group1
559,90,Group2
560,90,Group2
561,89,Group1
562,89,Group2
563,88,Group1
564,88,Group2
565,88,Group1
566,87,Group2
567,87,Group2
568,87,Group2
569,87,Group1
570,86,Group2
571,86,Group1
572,86,Group2
573,85,Group1
574,85,Group1
575,85,Group1
576,85,Group2
577,84,Group2
578,84,Group1
579,84,Group1
580,84,Group1
581,84,Group1
582,83,Group1
583,83,Group2
584,82,Group2
585,82,Group1
586,82,Group2
587,82,Group2
588,82,Group1
589,82,Group2
590,81,Group2
591,81,Group1
592,81,Group1
593,81,Group1
594,81,Group2
595,80,Group2
596,80,Group1
597,80,Group1
598,80,Group1
599,80,Group1
600,80,Group1
601,80,Group2
602,80,Group1
603,80,Group1
604,79,Group1
605,79,Group1
606,79,Group2
607,79,Group2
608,79,Group2
609,79,Group2
610,78,Group2
611,78,Group1
612,78,Group2
613,78,Group2
614,77,Group1
615,77,Group1
616,77,Group2
617,77,Group1
618,77,Group2
619,76,Group1
620,76,Group1
621,76,Group2
622,76,Group1
623,76,Group2
624,76,Group1
625,76,Group2
626,76,Group1
627,75,Group1
628,75,Group1
629,75,Group1
630,75,Group1
631,75,Group1
632,75,Group1
633,75,Group2
634,74,Group2
635,74,Group1
636,74,Group1
637,74,Group2
638,74,Group1
639,74,Group1
640,73,Group1
641,73,Group2
642,73,Group2
643,73,Group1
644,73,Group2
645,72,Group1
646,72,Group1
647,72,Group1
648,72,Group2
649,72,Group1
650,72,Group1
651,71,Group1
652,71,Group1
653,71,Group2
654,71,Group1
655,71,Group2
656,71,Group1
657,71,Group1
658,71,Group2
659,70,Group2
660,70,Group2
661,70,Group2
662,70,Group1
663,70,Group2
664,69,Group2
665,69,Group2
666,69,Group2
667,69,Group1
668,69,Group1
669,69,Group1
670,69,Group2
671,69,Group1
672,68,Group2
673,68,Group2
674,68,Group2
675,68,Group1
676,68,Group1
677,68,Group2
678,68,Group2
679,68,Group2
680,67,Group2
681,67,Group1
682,67,Group1
683,67,Group1
684,67,Group1
685,67,Group1
686,67,Group1
687,67,Group1
688,67,Group2
689,66,Group1
690,66,Group1
691,66,Group1
692,66,Group2
693,66,Group1
694,66,Group1
695,66,Group1
696,66,Group2
697,66,Group1
698,66,Group1
699,65,Group1
700,65,Group2
701,65,Group1
702,65,Group1
703,65,Group2
704,65,Group1
705,65,Group2
706,65,Group1
707,64,Group2
708,64,Group2
709,64,Group1
710,64,Group2
711,64,Group2
712,63,Group2
713,63,Group1
714,63,Group1
715,63,Group2
716,63,Group2
717,63,Group1
718,63,Group1
719,63,Group2
720,63,Group2
721,62,Group1
722,62,Group1
723,62,Group1
724,62,Group1
725,62,Group1
726,62,Group1
727,62,Group2
728,62,Group1
729,62,Group1
730,62,Group2
731,62,Group2
732,62,Group2
733,61,Group2
734,61,Group2
735,61,Group1
736,61,Group2
737,61,Group2
738,61,Group1
739,61,Group1
740,60,Group1
741,60,Group2
742,60,Group1
743,60,Group2
744,60,Group1
745,60,Group1
746,60,Group1
747,60,Group2
748,60,Group2
749,60,Group1
750,60,Group1
751,60,Group1
752,60,Group1
753,60,Group2
754,60,Group1
755,60,Group1
756,60,Group2
757,60,Group2
758,59,Group1
759,59,Group1
760,59,Group2
761,59,Group2
762,59,Group1
763,59,Group1
764,59,Group1
765,59,Group1
766,59,Group1
767,58,Group1
768,58,Group1
769,58,Group1
770,58,Group2
771,58,Group1
772,58,Group1
773,58,Group1
774,58,Group2
775,57,Group1
776,57,Group1
777,57,Group1
778,57,Group1
779,57,Group1
780,56,Group2
781,56,Group2
782,56,Group1
783,56,Group1
784,56,Group1
785,56,Group2
786,56,Group2
787,56,Group1
788,55,Group1
789,55,Group1
790,55,Group2
791,55,Group1
792,55,Group2
793,55,Group2
794,55,Group1
795,55,Group2
796,55,Group1
797,55,Group1
798,54,Group1
799,54,Group1
800,54,Group2
801,54,Group1
802,54,Group2
803,54,Group1
804,54,Group2
805,53,Group1
806,53,Group2
807,53,Group1
808,53,Group1
809,53,Group2
810,53,Group1
811,53,Group1
812,53,Group1
813,52,Group1
814,52,Group1
815,52,Group1
816,52,Group1
817,52,Group2
818,52,Group1
819,52,Group1
820,52,Group1
821,52,Group1
822,52,Group1
823,52,Group1
824,52,Group1
825,52,Group2
826,52,Group2
827,52,Group2
828,52,Group1
829,51,Group1
830,51,Group1
831,51,Group1
832,51,Group1
833,51,Group1
834,51,Group1
835,51,Group2
836,51,Group1
837,51,Group2
838,51,Group2
839,51,Group2
840,50,Group1
841,50,Group1
842,50,Group2
843,50,Group2
844,50,Group1
845,50,Group2
846,50,Group2
847,50,Group1
848,50,Group2
849,50,Group1
850,50,Group2
851,50,Group1
852,50,Group1
853,49,Group2
854,49,Group1
855,49,Group1
856,49,Group2
857,49,Group2
858,49,Group1
859,49,Group1
860,49,Group1
861,49,Group2
862,49,Group1
863,48,Group1
864,48,Group1
865,48,Group2
866,48,Group2
867,48,Group1
868,48,Group1
869,48,Group2
870,48,Group1
871,48,Group1
872,47,Group1
873,47,Group1
874,47,Group2
875,47,Group1
876,47,Group1
877,47,Group1
878,47,Group1
879,47,Group2
880,47,Group2
881,47,Group2
882,47,Group2
883,47,Group1
884,47,Group2
885,47,Group2
886,47,Group2
887,47,Group2
888,46,Group1
889,46,Group1
890,46,Group2
891,46,Group2
892,46,Group2
893,46,Group1
894,45,Group2
895,45,Group1
896,45,Group2
897,45,Group1
898,45,Group1
899,45,Group1
900,45,Group1
901,45,Group2
902,45,Group1
903,45,Group1
904,45,Group2
905,45,Group1
906,45,Group2
907,45,Group2
908,45,Group1
909,45,Group2
910,45,Group2
911,44,Group2
912,44,Group1
913,44,Group1
914,44,Group1
915,44,Group1
916,44,Group2
917,44,Group1
918,44,Group2
919,44,Group2
920,44,Group2
921,44,Group1
922,44,Group1
923,44,Group2
924,44,Group1
925,44,Group2
926,44,Group1
927,44,Group2
928,44,Group1
929,44,Group1
930,44,Group1
931,43,Group1
932,43,Group2
933,43,Group1
934,43,Group1
935,43,Group1
936,43,Group1
937,43,Group1
938,43,Group1
939,43,Group1
940,43,Group1
941,43,Group2
942,43,Group2
943,43,Group1
944,43,Group1
945,43,Group2
946,43,Group1
947,43,Group1
948,43,Group1
949,43,Group1
950,43,Group2
951,43,Group1
952,43,Group2
953,42,Group2
954,42,Group1
955,42,Group1
956,42,Group2
957,42,Group1
958,42,Group1
959,42,Group1
960,42,Group1
961,42,Group1
962,42,Group1
963,42,Group2
964,42,Group1
965,42,Group1
966,42,Group1
967,42,Group2
968,42,Group1
969,41,Group1
970,41,Group1
971,41,Group1
972,41,Group2
973,41,Group1
974,41,Group1
975,41,Group2
976,41,Group1
977,41,Group1
978,41,Group1
979,41,Group1
980,41,Group1
981,41,Group2
982,41,Group1
983,41,Group2
984,41,Group1
985,40,Group1
986,40,Group2
987,40,Group2
988,40,Group1
989,40,Group1
990,40,Group2
991,40,Group2
992,40,Group1
993,40,Group2
994,40,Group2
995,40,Group1
996,40,Group2
997,40,Group1
998,40,Group1
999,40,Group1
1000,40,Group1
1001,40,Group2
1002,40,Group1
1003,39,Group1
1004,39,Group2
1005,39,Group1
1006,39,Group1
1007,39,Group2
1008,39,Group1
1009,39,Group1
1010,39,Group1
1011,39,Group1
1012,39,Group1
1013,39,Group1
1014,39,Group2
1015,39,Group2
1016,39,Group2
1017,39,Group1
1018,38,Group2
1019,38,Group1
1020,38,Group1
1021,38,Group1
1022,38,Group2
1023,38,Group1
1024,38,Group1
1025,38,Group2
1026,38,Group2
1027,38,Group1
1028,38,Group2
1029,38,Group1
1030,38,Group2
1031,38,Group2
1032,38,Group2
1033,38,Group2
1034,37,Group2
1035,37,Group1
1036,37,Group2
1037,37,Group1
1038,37,Group2
1039,37,Group1
1040,37,Group2
1041,37,Group2
1042,37,Group1
1043,37,Group1
1044,37,Group1
1045,37,Group2
1046,37,Group1
1047,37,Group2
1048,37,Group1
1049,37,Group2
1050,37,Group1
1051,37,Group2
1052,37,Group2
1053,37,Group2
1054,37,Group1
1055,37,Group1
1056,37,Group2
1057,37,Group1
1058,37,Group1
1059,36,Group2
1060,36,Group1
1061,36,Group1
1062,36,Group1
1063,36,Group1
1064,36,Group1
1065,36,Group2
1066,36,Group1
1067,36,Group1
1068,36,Group2
1069,36,Group1
1070,36,Group2
1071,36,Group1
1072,36,Group1
1073,36,Group2
1074,36,Group1
1075,36,Group1
1076,36,Group1
1077,36,Group2
1078,36,Group2
1079,36,Group1
1080,36,Group1
1081,36,Group2
1082,35,Group2
1083,35,Group2
1084,35,Group1
1085,35,Group2
1086,35,Group1
1087,35,Group2
1088,35,Group2
1089,35,Group1
1090,35,Group1
1091,35,Group2
1092,35,Group2
1093,35,Group2
1094,35,Group2
1095,35,Group1
1096,35,Group1
1097,35,Group1
1098,35,Group1
1099,35,Group1
1100,35,Group2
1101,35,Group2
1102,34,Group1
1103,34,Group2
1104,34,Group2
1105,34,Group1
1106,34,Group1
1107,34,Group1
1108,34,Group1
1109,34,Group2
1110,34,Group2
1111,34,Group1
1112,34,Group1
1113,34,Group2
1114,34,Group2
1115,34,Group2
1116,34,Group2
1117,34,Group2
1118,34,Group2
1119,34,Group1
1120,34,Group1
1121,34,Group1
1122,34,Group1
1123,33,Group1
1124,33,Group2
1125,33,Group2
1126,33,Group1
1127,33,Group2
1128,33,Group2
1129,33,Group1
1130,33,Group2
1131,33,Group2
1132,33,Group2
1133,33,Group1
1134,33,Group1
1135,33,Group2
1136,33,Group1
1137,33,Group1
1138,33,Group2
1139,33,Group1
1140,33,Group1
1141,33,Group2
1142,33,Group2
1143,32,Group1
1144,32,Group1
1145,32,Group1
1146,32,Group1
1147,32,Group2
1148,32,Group1
1149,32,Group1
1150,32,Group2
1151,32,Group1
1152,32,Group2
1153,32,Group2
1154,32,Group2
1155,32,Group1
1156,32,Group2
1157,32,Group1
1158,32,Group2
1159,32,Group1
1160,32,Group2
1161,32,Group1
1162,32,Group2
1163,32,Group2
1164,31,Group1
1165,31,Group1
1166,31,Group2
1167,31,Group1
1168,31,Group1
1169,31,Group1
1170,31,Group1
1171,31,Group2
1172,31,Group1
1173,31,Group2
1174,31,Group2
1175,31,Group1
1176,31,Group1
1177,31,Group1
1178,31,Group1
1179,31,Group1
1180,31,Group1
1181,31,Group1
1182,31,Group2
1183,31,Group2
1184,31,Group2
1185,31,Group1
1186,31,Group2
1187,31,Group2
1188,31,Group1
1189,30,Group2
1190,30,Group1
1191,30,Group1
1192,30,Group1
1193,30,Group1
1194,30,Group2
1195,30,Group1
1196,30,Group2
1197,30,Group1
1198,30,Group2
1199,30,Group2
1200,30,Group1
1201,30,Group1
1202,30,Group1
1203,30,Group1
1204,29,Group1
1205,29,Group2
1206,29,Group1
1207,29,Group1
1208,29,Group1
1209,29,Group1
1210,29,Group1
1211,29,Group1
1212,29,Group2
1213,29,Group2
1214,29,Group2
1215,29,Group1
1216,29,Group2
1217,29,Group2
1218,29,Group2
1219,29,Group1
1220,29,Group1
1221,29,Group1
1222,28,Group1
1223,28,Group2
1224,28,Group2
1225,28,Group2
1226,28,Group1
1227,28,Group1
1228,28,Group1
1229,28,Group2
1230,28,Group2
1231,28,Group2
1232,28,Group2
1233,28,Group1
1234,28,Group1
1235,28,Group1
1236,28,Group1
1237,28,Group1
1238,28,Group2
1239,28,Group1
1240,28,Group2
1241,28,Group2
1242,28,Group2
1243,28,Group1
1244,28,Group2
1245,28,Group1
1246,28,Group1
1247,28,Group1
1248,28,Group2
1249,28,Group1
1250,28,Group1
1251,28,Group2
1252,28,Group1
1253,28,Group2
1254,28,Group2
1255,28,Group2
1256,28,Group1
1257,27,Group2
1258,27,Group1
1259,27,Group2
1260,27,Group1
1261,27,Group2
1262,27,Group1
1263,27,Group2
1264,27,Group2
1265,27,Group1
1266,27,Group1
1267,27,Group2
1268,27,Group2
1269,27,Group2
1270,27,Group1
1271,27,Group1
1272,27,Group1
1273,27,Group1
1274,27,Group1
1275,27,Group1
1276,27,Group2
1277,27,Group2
1278,27,Group2
1279,27,Group1
1280,27,Group2
1281,27,Group2
1282,27,Group1
1283,27,Group2
1284,27,Group2
1285,27,Group2
1286,26,Group1
1287,26,Group1
1288,26,Group1
1289,26,Group1
1290,26,Group2
1291,26,Group2
1292,26,Group1
1293,26,Group2
1294,26,Group2
1295,26,Group2
1296,26,Group2
1297,26,Group2
1298,26,Group1
1299,26,Group2
1300,26,Group1
1301,26,Group2
1302,26,Group1
1303,26,Group1
1304,26,Group2
1305,26,Group1
1306,26,Group1
1307,26,Group1
1308,26,Group1
1309,26,Group1
1310,26,Group2
1311,26,Group1
1312,26,Group1
1313,26,Group2
1314,26,Group1
1315,26,Group2
1316,26,Group1
1317,26,Group2
1318,26,Group1
1319,26,Group2
1320,25,Group1
1321,25,Group2
1322,25,Group2
1323,25,Group1
1324,25,Group1
1325,25,Group1
1326,25,Group2
1327,25,Group2
1328,25,Group1
1329,25,Group1
1330,25,Group1
1331,25,Group1
1332,25,Group2
1333,25,Group2
1334,25,Group2
1335,25,Group2
1336,25,Group2
1337,25,Group1
1338,25,Group1
1339,25,Group2
1340,25,Group1
1341,25,Group1
1342,25,Group1
1343,25,Group2
1344,25,Group2
1345,25,Group1
1346,25,Group2
1347,25,Group2
1348,25,Group1
1349,25,Group1
1350,25,Group1
1351,25,Group1
1352,25,Group1
1353,24,Group2
1354,24,Group1
1355,24,Group1
1356,24,Group1
1357,24,Group1
1358,24,Group2
1359,24,Group2
1360,24,Group1
1361,24,Group2
1362,24,Group2
1363,24,Group1
1364,24,Group2
1365,24,Group1
1366,24,Group1
1367,24,Group2
1368,24,Group1
1369,24,Group2
1370,24,Group2
1371,24,Group1
1372,24,Group1
1373,24,Group1
1374,24,Group2
1375,24,Group1
1376,24,Group1
1377,24,Group1
1378,24,Group1
1379,24,Group2
1380,24,Group1
1381,24,Group2
1382,23,Group1
1383,23,Group2
1384,23,Group2
1385,23,Group1
1386,23,Group2
1387,23,Group1
1388,23,Group2
1389,23,Group1
1390,23,Group1
1391,23,Group1
1392,23,Group1
1393,23,Group2
1394,23,Group2
1395,23,Group1
1396,23,Group1
1397,23,Group2
1398,23,Group2
1399,23,Group2
1400,23,Group2
1401,23,Group2
1402,23,Group2
1403,23,Group2
1404,23,Group2
1405,23,Group1
1406,23,Group1
1407,23,Group1
1408,22,Group2
1409,22,Group1
1410,22,Group2
1411,22,Group1
1412,22,Group2
1413,22,Group1
1414,22,Group2
1415,22,Group1
1416,22,Group1
1417,22,Group2
1418,22,Group2
1419,22,Group1
1420,22,Group2
1421,22,Group1
1422,22,Group2
1423,22,Group2
1424,22,Group1
1425,22,Group1
1426,22,Group1
1427,22,Group2
1428,22,Group2
1429,22,Group1
1430,22,Group1
1431,22,Group2
1432,22,Group1
1433,22,Group2
1434,22,Group1
1435,22,Group1
1436,22,Group2
1437,22,Group2
1438,22,Group1
1439,22,Group2
1440,22,Group1
1441,22,Group2
1442,22,Group1
1443,22,Group1
1444,22,Group1
1445,21,Group1
1446,21,Group2
1447,21,Group2
1448,21,Group2
1449,21,Group1
1450,21,Group2
1451,21,Group1
1452,21,Group1
1453,21,Group2
1454,21,Group2
1455,21,Group2
1456,21,Group1
1457,21,Group1
1458,21,Group1
1459,21,Group1
1460,21,Group1
1461,21,Group1
1462,21,Group1
1463,21,Group1
1464,21,Group1
1465,21,Group2
1466,21,Group1
1467,21,Group1
1468,21,Group2
1469,21,Group2
1470,21,Group1
1471,21,Group1
1472,21,Group1
1473,21,Group2
1474,21,Group1
1475,21,Group1
1476,21,Group2
1477,21,Group1
1478,21,Group2
1479,21,Group1
1480,21,Group2
1481,21,Group2
1482,21,Group2
1483,21,Group2
1484,20,Group2
1485,20,Group2
1486,20,Group1
1487,20,Group2
1488,20,Group2
1489,20,Group1
1490,20,Group2
1491,20,Group1
1492,20,Group1
1493,20,Group1
1494,20,Group1
1495,20,Group1
1496,20,Group2
1497,20,Group2
1498,20,Group1
1499,20,Group2
1500,20,Group1
1501,20,Group1
1502,20,Group1
1503,20,Group1
1504,20,Group2
1505,20,Group1
1506,20,Group2
1507,20,Group1
1508,20,Group2
1509,20,Group1
1510,20,Group2
1511,20,Group1
1512,20,Group2
1513,20,Group1
1514,20,Group1
1515,20,Group1
1516,20,Group2
1517,20,Group2
1518,20,Group2
1519,20,Group2
1520,20,Group1
1521,20,Group1
1522,20,Group2
1523,20,Group2
1524,20,Group2
1525,20,Group1
1526,20,Group2
1527,20,Group1
1528,20,Group1
1529,19,Group1
1530,19,Group1
1531,19,Group1
1532,19,Group1
1533,19,Group2
1534,19,Group2
1535,19,Group2
1536,19,Group1
1537,19,Group2
1538,19,Group1
1539,19,Group1
1540,19,Group1
1541,19,Group1
1542,19,Group2
1543,19,Group1
1544,19,Group2
1545,19,Group1
1546,19,Group1
1547,19,Group1
1548,19,Group1
1549,19,Group1
1550,19,Group2
1551,19,Group1
1552,19,Group1
1553,19,Group2
1554,19,Group1
1555,19,Group1
1556,19,Group2
1557,19,Group2
1558,19,Group2
1559,19,Group1
1560,19,Group1
1561,19,Group2
1562,19,Group1
1563,19,Group1
1564,19,Group1
1565,19,Group1
1566,19,Group1
1567,19,Group1
1568,19,Group2
1569,19,Group2
1570,19,Group1
1571,19,Group2
1572,19,Group1
1573,19,Group2
1574,19,Group1
1575,19,Group1
1576,18,Group1
1577,18,Group1
1578,18,Group2
1579,18,Group1
1580,18,Group1
1581,18,Group1
1582,18,Group2
1583,18,Group1
1584,18,Group1
1585,18,Group1
1586,18,Group2
1587,18,Group2
1588,18,Group2
1589,18,Group2
1590,18,Group2
1591,18,Group1
1592,18,Group1
1593,18,Group1
1594,18,Group2
1595,18,Group1
1596,18,Group2
1597,18,Group1
1598,18,Group2
1599,18,Group1
1600,18,Group2
1601,18,Group2
1602,18,Group2
1603,18,Group1
1604,18,Group2
1605,18,Group2
1606,18,Group2
1607,18,Group2
1608,18,Group1
1609,18,Group2
1610,18,Group2
1611,17,Group1
1612,17,Group1
1613,17,Group2
1614,17,Group1
1615,17,Group2
1616,17,Group1
1617,17,Group1
1618,17,Group1
1619,17,Group1
1620,17,Group2
1621,17,Group2
1622,17,Group2
1623,17,Group1
1624,17,Group2
1625,17,Group1
1626,17,Group2
1627,17,Group2
1628,17,Group1
1629,17,Group2
1630,17,Group2
1631,17,Group1
1632,17,Group1
1633,17,Group2
1634,17,Group2
1635,17,Group1
1636,17,Group1
1637,17,Group2
1638,17,Group1
1639,17,Group1
1640,17,Group1
1641,17,Group1
1642,17,Group1
1643,17,Group1
1644,17,Group2
1645,17,Group1
1646,17,Group2
1647,17,Group1
1648,17,Group1
1649,17,Group1
1650,16,Group2
1651,16,Group2
1652,16,Group2
1653,16,Group2
1654,16,Group1
1655,16,Group2
1656,16,Group1
1657,16,Group1
1658,16,Group1
1659,16,Group2
1660,16,Group2
1661,16,Group1
1662,16,Group1
1663,16,Group1
1664,16,Group1
1665,16,Group1
1666,16,Group1
1667,16,Group1
1668,16,Group2
1669,16,Group2
1670,16,Group2
1671,16,Group1
1672,16,Group2
1673,16,Group1
1674,16,Group2
1675,16,Group1
1676,16,Group2
1677,16,Group1
1678,16,Group2
1679,16,Group1
1680,16,Group1
1681,16,Group2
1682,16,Group1
1683,16,Group1
1684,16,Group1
1685,16,Group1
1686,16,Group2
1687,16,Group1
1688,16,Group1
1689,16,Group2
1690,16,Group2
1691,16,Group2
1692,16,Group2
1693,16,Group1
1694,15,Group1
1695,15,Group2
1696,15,Group1
1697,15,Group1
1698,15,Group2
1699,15,Group1
1700,15,Group1
1701,15,Group2
1702,15,Group1
1703,15,Group1
1704,15,Group1
1705,15,Group2
1706,15,Group1
1707,15,Group1
1708,15,Group1
1709,15,Group1
1710,15,Group1
1711,15,Group2
1712,15,Group1
1713,15,Group2
1714,15,Group2
1715,15,Group1
1716,15,Group1
1717,15,Group2
1718,15,Group2
1719,15,Group1
1720,15,Group1
1721,15,Group1
1722,15,Group2
1723,15,Group1
1724,15,Group1
1725,15,Group1
1726,15,Group2
1727,15,Group1
1728,15,Group1
1729,15,Group2
1730,15,Group2
1731,15,Group1
1732,15,Group1
1733,15,Group1
1734,15,Group2
1735,15,Group1
1736,15,Group1
1737,15,Group1
1738,15,Group1
1739,15,Group1
1740,15,Group2
1741,15,Group2
1742,14,Group2
1743,14,Group1
1744,14,Group1
1745,14,Group2
1746,14,Group2
1747,14,Group2
1748,14,Group1
1749,14,Group1
1750,14,Group2
1751,14,Group1
1752,14,Group1
1753,14,Group1
1754,14,Group1
1755,14,Group1
1756,14,Group2
1757,14,Group2
1758,14,Group1
1759,14,Group1
1760,14,Group2
1761,14,Group2
1762,14,Group1
1763,14,Group2
1764,14,Group1
1765,14,Group1
1766,14,Group2
1767,14,Group2
1768,14,Group1
1769,14,Group2
1770,14,Group2
1771,14,Group2
1772,14,Group1
1773,14,Group2
1774,14,Group1
1775,14,Group2
1776,14,Group1
1777,14,Group2
1778,14,Group1
1779,14,Group2
1780,14,Group2
1781,14,Group1
1782,14,Group2
1783,14,Group2
1784,14,Group2
1785,14,Group1
1786,14,Group1
1787,14,Group1
1788,14,Group2
1789,14,Group1
1790,13,Group2
1791,13,Group1
1792,13,Group2
1793,13,Group1
1794,13,Group2
1795,13,Group1
1796,13,Group1
1797,13,Group2
1798,13,Group2
1799,13,Group2
1800,13,Group2
1801,13,Group1
1802,13,Group1
1803,13,Group1
1804,13,Group1
1805,13,Group1
1806,13,Group1
1807,13,Group1
1808,13,Group1
1809,13,Group2
1810,13,Group2
1811,13,Group1
1812,13,Group1
1813,13,Group1
1814,13,Group1
1815,13,Group1
1816,13,Group2
1817,13,Group1
1818,13,Group2
1819,13,Group2
1820,13,Group2
1821,13,Group1
1822,13,Group2
1823,13,Group1
1824,13,Group1
1825,12,Group1
1826,12,Group1
1827,12,Group1
1828,12,Group1
1829,12,Group1
1830,12,Group1
1831,12,Group1
1832,12,Group2
1833,12,Group1
1834,12,Group1
1835,12,Group1
1836,12,Group2
1837,12,Group2
1838,12,Group1
1839,12,Group1
1840,12,Group2
1841,12,Group1
1842,12,Group2
1843,12,Group1
1844,12,Group1
1845,12,Group2
1846,12,Group1
1847,12,Group1
1848,12,Group1
1849,12,Group2
1850,12,Group2
1851,12,Group1
1852,12,Group2
1853,12,Group1
1854,12,Group2
1855,12,Group1
1856,12,Group2
1857,12,Group2
1858,12,Group2
1859,12,Group2
1860,12,Group1
1861,12,Group1
1862,12,Group2
1863,12,Group2
1864,12,Group1
1865,12,Group2
1866,12,Group2
1867,12,Group2
1868,12,Group2
1869,12,Group1
1870,12,Group1
1871,12,Group2
1872,12,Group2
1873,12,Group1
1874,12,Group2
1875,12,Group1
1876,12,Group1
1877,12,Group1
1878,12,Group1
1879,12,Group1
1880,11,Group2
1881,11,Group2
1882,11,Group2
1883,11,Group1
1884,11,Group1
1885,11,Group2
1886,11,Group2
1887,11,Group2
1888,11,Group2
1889,11,Group2
1890,11,Group1
1891,11,Group1
1892,11,Group2
1893,11,Group2
1894,11,Group2
1895,11,Group1
1896,11,Group2
1897,11,Group1
1898,11,Group1
1899,11,Group2
1900,11,Group1
1901,11,Group1
1902,11,Group2
1903,11,Group1
1904,11,Group1
1905,11,Group1
1906,11,Group1
1907,11,Group1
1908,11,Group1
1909,11,Group1
1910,11,Group1
1911,11,Group1
1912,11,Group1
1913,11,Group1
1914,11,Group1
1915,11,Group1
1916,11,Group1
1917,11,Group1
1918,11,Group2
1919,11,Group1
1920,11,Group1
1921,11,Group1
1922,11,Group2
1923,11,Group1
1924,11,Group1
1925,11,Group1
1926,11,Group2
1927,11,Group1
1928,11,Group2
1929,11,Group2
1930,11,Group2
1931,11,Group1
1932,11,Group1
1933,10,Group1
1934,10,Group1
1935,10,Group1
1936,10,Group1
1937,10,Group1
1938,10,Group1
1939,10,Group1
1940,10,Group2
1941,10,Group1
1942,10,Group1
1943,10,Group2
1944,10,Group1
1945,10,Group1
1946,10,Group1
1947,10,Group1
1948,10,Group2
1949,10,Group1
1950,10,Group1
1951,10,Group2
1952,10,Group1
1953,10,Group1
1954,10,Group1
1955,10,Group1
1956,10,Group1
1957,10,Group2
1958,10,Group2
1959,10,Group2
1960,10,Group2
1961,10,Group2
1962,10,Group2
1963,10,Group2
1964,10,Group1
1965,10,Group2
1966,10,Group2
1967,10,Group1
1968,10,Group2
1969,10,Group2
1970,10,Group2
1971,10,Group2
1972,10,Group1
1973,10,Group2
1974,10,Group2
1975,10,Group1
1976,10,Group1
1977,10,Group2
1978,10,Group2
1979,10,Group2
1980,10,Group1
1981,10,Group2
1982,10,Group1
1983,10,Group1
1984,10,Group1
1985,10,Group1
1986,9,Group2
1987,9,Group2
1988,9,Group1
1989,9,Group1
1990,9,Group2
1991,9,Group2
1992,9,Group2
1993,9,Group2
1994,9,Group2
1995,9,Group2
1996,9,Group2
1997,9,Group1
1998,9,Group2
1999,9,Group2
2000,9,Group2
2001,9,Group1
2002,9,Group2
2003,9,Group2
2004,9,Group2
2005,9,Group1
2006,9,Group1
2007,9,Group2
2008,9,Group2
2009,9,Group2
2010,9,Group2
2011,9,Group1
2012,9,Group2
2013,9,Group2
2014,9,Group1
2015,9,Group1
2016,9,Group1
2017,9,Group2
2018,9,Group2
2019,9,Group1
2020,9,Group2
2021,9,Group1
2022,9,Group1
2023,9,Group1
2024,9,Group1
2025,9,Group2
2026,9,Group2
2027,9,Group1
2028,9,Group2
2029,9,Group1
2030,9,Group1
2031,9,Group1
2032,9,Group1
2033,9,Group1
2034,9,Group1
2035,9,Group1
2036,9,Group1
2037,9,Group1
2038,9,Group1
2039,9,Group1
2040,9,Group1
2041,9,Group1
2042,9,Group1
2043,9,Group1
2044,9,Group1
2045,9,Group1
2046,9,Group1
2047,9,Group1
2048,9,Group1
2049,9,Group1
2050,8,Group1
2051,8,Group2
2052,8,Group1
2053,8,Group1
2054,8,Group2
2055,8,Group1
2056,8,Group1
2057,8,Group1
2058,8,Group2
2059,8,Group2
2060,8,Group1
2061,8,Group1
2062,8,Group1
2063,8,Group1
2064,8,Group1
2065,8,Group1
2066,8,Group1
2067,8,Group1
2068,8,Group2
2069,8,Group1
2070,8,Group2
2071,8,Group1
2072,8,Group2
2073,8,Group1
2074,8,Group1
2075,8,Group1
2076,8,Group2
2077,8,Group1
2078,8,Group1
2079,8,Group1
2080,8,Group1
2081,8,Group1
2082,8,Group1
2083,8,Group1
2084,8,Group1
2085,8,Group2
2086,8,Group1
2087,8,Group2
2088,8,Group2
2089,8,Group2
2090,8,Group1
2091,8,Group1
2092,8,Group1
2093,8,Group1
2094,8,Group2
2095,8,Group2
2096,8,Group1
2097,8,Group1
2098,8,Group1
2099,8,Group2
2100,8,Group2
2101,8,Group2
2102,8,Group1
2103,8,Group2
2104,8,Group2
2105,7,Group1
2106,7,Group1
2107,7,Group2
2108,7,Group2
2109,7,Group2
2110,7,Group2
2111,7,Group2
2112,7,Group1
2113,7,Group1
2114,7,Group1
2115,7,Group1
2116,7,Group1
2117,7,Group2
2118,7,Group1
2119,7,Group2
2120,7,Group2
2121,7,Group1
2122,7,Group1
2123,7,Group2
2124,7,Group2
2125,7,Group2
2126,7,Group1
2127,7,Group2
2128,7,Group1
2129,7,Group2
2130,7,Group1
2131,7,Group1
2132,7,Group1
2133,7,Group2
2134,7,Group1
2135,7,Group2
2136,7,Group2
2137,7,Group2
2138,7,Group1
2139,7,Group1
2140,7,Group2
2141,7,Group1
2142,7,Group1
2143,7,Group1
2144,7,Group2
2145,7,Group1
2146,7,Group2
2147,7,Group1
2148,7,Group2
2149,7,Group2
2150,7,Group1
2151,7,Group1
2152,7,Group2
2153,7,Group2
2154,7,Group1
2155,7,Group1
2156,7,Group2
2157,7,Group1
2158,7,Group1
2159,7,Group1
2160,7,Group1
2161,7,Group1
2162,7,Group1
2163,7,Group1
2164,6,Group2
2165,6,Group1
2166,6,Group1
2167,6,Group1
2168,6,Group2
2169,6,Group1
2170,6,Group1
2171,6,Group2
2172,6,Group2
2173,6,Group1
2174,6,Group1
2175,6,Group1
2176,6,Group2
2177,6,Group1
2178,6,Group1
2179,6,Group1
2180,6,Group2
2181,6,Group1
2182,6,Group1
2183,6,Group2
2184,6,Group2
2185,6,Group1
2186,6,Group1
2187,6,Group2
2188,6,Group2
2189,6,Group1
2190,6,Group1
2191,6,Group2
2192,6,Group2
2193,6,Group1
2194,6,Group1
2195,6,Group1
2196,6,Group2
2197,6,Group1
2198,6,Group1
2199,6,Group2
2200,6,Group2
2201,6,Group1
2202,6,Group2
2203,6,Group2
2204,6,Group1
2205,6,Group2
2206,6,Group1
2207,6,Group2
2208,6,Group1
2209,6,Group1
2210,6,Group2
2211,6,Group1
2212,6,Group1
2213,6,Group2
2214,6,Group2
2215,6,Group1
2216,6,Group1
2217,6,Group1
2218,6,Group2
2219,6,Group2
2220,6,Group1
2221,6,Group2
2222,6,Group2
2223,6,Group1
2224,6,Group1
2225,6,Group2
2226,6,Group2
2227,6,Group1
2228,6,Group1
2229,6,Group2
2230,6,Group2
2231,6,Group1
2232,6,Group1
2233,6,Group2
2234,6,Group2
2235,6,Group2
2236,6,Group1
2237,6,Group2
2238,6,Group1
2239,6,Group1
2240,6,Group2
2241,6,Group1
2242,6,Group2
2243,6,Group1
2244,6,Group2
2245,6,Group1
2246,6,Group1
2247,6,Group1
2248,6,Group1
2249,6,Group1
2250,6,Group1
2251,6,Group1
2252,6,Group1
2253,6,Group1
2254,6,Group2
2255,5,Group1
2256,5,Group2
2257,5,Group2
2258,5,Group2
2259,5,Group1
2260,5,Group2
2261,5,Group1
2262,5,Group1
2263,5,Group1
2264,5,Group2
2265,5,Group2
2266,5,Group1
2267,5,Group1
2268,5,Group2
2269,5,Group2
2270,5,Group2
2271,5,Group2
2272,5,Group2
2273,5,Group2
2274,5,Group2
2275,5,Group1
2276,5,Group2
2277,5,Group2
2278,5,Group2
2279,5,Group2
2280,5,Group2
2281,5,Group2
2282,5,Group1
2283,5,Group2
2284,5,Group2
2285,5,Group2
2286,5,Group1
2287,5,Group1
2288,5,Group2
2289,5,Group1
2290,5,Group2
2291,5,Group2
2292,5,Group1
2293,5,Group1
2294,5,Group2
2295,5,Group2
2296,5,Group2
2297,5,Group1
2298,5,Group2
2299,5,Group2
2300,5,Group1
2301,5,Group1
2302,5,Group1
2303,5,Group1
2304,5,Group2
2305,5,Group1
2306,5,Group2
2307,5,Group1
2308,5,Group1
2309,5,Group1
2310,5,Group2
2311,5,Group1
2312,5,Group2
2313,5,Group2
2314,5,Group2
2315,5,Group1
2316,5,Group1
2317,5,Group1
2318,5,Group1
2319,5,Group2
2320,5,Group1
2321,5,Group2
2322,5,Group1
2323,5,Group1
2324,5,Group2
2325,5,Group2
2326,5,Group1
2327,5,Group1
2328,5,Group2
2329,5,Group2
2330,5,Group1
2331,4,Group2
2332,4,Group1
2333,4,Group1
2334,4,Group2
2335,4,Group2
2336,4,Group1
2337,4,Group1
2338,4,Group1
2339,4,Group2
2340,4,Group1
2341,4,Group1
2342,4,Group1
2343,4,Group1
2344,4,Group1
2345,4,Group1
2346,4,Group2
2347,4,Group2
2348,4,Group1
2349,4,Group1
2350,4,Group2
2351,4,Group1
2352,4,Group1
2353,4,Group2
2354,4,Group1
2355,4,Group1
2356,4,Group1
2357,4,Group1
2358,4,Group2
2359,4,Group1
2360,4,Group2
2361,4,Group2
2362,4,Group2
2363,4,Group1
2364,4,Group2
2365,4,Group1
2366,4,Group2
2367,4,Group1
2368,4,Group2
2369,4,Group2
2370,4,Group2
2371,4,Group1
2372,4,Group2
2373,4,Group2
2374,4,Group2
2375,4,Group1
2376,4,Group2
2377,4,Group2
2378,4,Group2
2379,4,Group2
2380,4,Group2
2381,4,Group2
2382,4,Group2
2383,4,Group2
2384,4,Group2
2385,4,Group2
2386,4,Group2
2387,4,Group2
2388,4,Group2
2389,4,Group2
2390,4,Group2
2391,4,Group2
2392,4,Group2
2393,4,Group2
2394,4,Group2
2395,4,Group2
2396,4,Group2
2397,4,Group2
2398,4,Group2
2399,4,Group2
2400,4,Group2
2401,4,Group2
2402,4,Group2
2403,4,Group2
2404,4,Group2
2405,4,Group2
2406,4,Group2
2407,4,Group2
2408,4,Group1
2409,4,Group1
2410,4,Group1
2411,4,Group2
2412,4,Group2
2413,4,Group1
2414,4,Group1
2415,4,Group1
2416,4,Group1
2417,4,Group1
2418,4,Group1
2419,4,Group1
2420,4,Group1
2421,3,Group1
2422,3,Group2
2423,3,Group2
2424,3,Group2
2425,3,Group1
2426,3,Group2
2427,3,Group2
2428,3,Group2
2429,3,Group1
2430,3,Group2
2431,3,Group2
2432,3,Group1
2433,3,Group1
2434,3,Group2
2435,3,Group2
2436,3,Group1
2437,3,Group2
2438,3,Group2
2439,3,Group2
2440,3,Group2
2441,3,Group1
2442,3,Group2
2443,3,Group2
2444,3,Group2
2445,3,Group1
2446,3,Group2
2447,3,Group2
2448,3,Group1
2449,3,Group1
2450,3,Group2
2451,3,Group2
2452,3,Group1
2453,3,Group1
2454,3,Group1
2455,3,Group2
2456,3,Group2
2457,3,Group1
2458,3,Group2
2459,3,Group2
2460,3,Group2
2461,3,Group2
2462,3,Group1
2463,3,Group2
2464,3,Group1
2465,3,Group1
2466,3,Group2
2467,3,Group1
2468,3,Group1
2469,3,Group2
2470,3,Group1
2471,3,Group2
2472,3,Group2
2473,3,Group2
2474,3,Group2
2475,3,Group2
2476,3,Group2
2477,3,Group2
2478,3,Group2
2479,3,Group2
2480,3,Group1
2481,3,Group2
2482,3,Group1
2483,3,Group2
2484,3,Group1
2485,3,Group2
2486,3,Group1
2487,3,Group2
2488,3,Group2
2489,3,Group2
2490,3,Group1
2491,3,Group1
2492,3,Group2
2493,3,Group2
2494,3,Group1
2495,3,Group1
2496,3,Group2
2497,3,Group2
2498,3,Group2
2499,3,Group1
2500,3,Group2
2501,3,Group2
2502,3,Group2
2503,3,Group1
2504,3,Group2
2505,3,Group2
2506,3,Group2
2507,3,Group1
2508,3,Group2
2509,3,Group2
2510,3,Group2
2511,3,Group1
2512,3,Group2
2513,3,Group2
2514,3,Group2
2515,3,Group1
2516,3,Group2
2517,3,Group1
2518,3,Group2
2519,3,Group1
2520,3,Group2
2521,3,Group2
2522,3,Group2
2523,3,Group2
2524,3,Group2
2525,3,Group2
2526,3,Group2
2527,3,Group1
2528,3,Group2
2529,3,Group2
2530,3,Group2
2531,3,Group1
2532,3,Group2
2533,3,Group2
2534,3,Group2
2535,3,Group1
2536,3,Group2
2537,3,Group2
2538,3,Group1
2539,3,Group1
2540,3,Group2
2541,3,Group2
2542,3,Group1
2543,3,Group2
2544,3,Group2
2545,3,Group1
2546,3,Group1
2547,3,Group2
2548,3,Group1
2549,3,Group2
2550,3,Group2
2551,3,Group1
2552,2,Group2
2553,2,Group1
2554,2,Group1
2555,2,Group1
2556,2,Group2
2557,2,Group1
2558,2,Group1
2559,2,Group1
2560,2,Group2
2561,2,Group1
2562,2,Group1
2563,2,Group2
2564,2,Group2
2565,2,Group1
2566,2,Group1
2567,2,Group2
2568,2,Group2
2569,2,Group2
2570,2,Group1
2571,2,Group1
2572,2,Group2
2573,2,Group2
2574,2,Group1
2575,2,Group1
2576,2,Group2
2577,2,Group2
2578,2,Group1
2579,2,Group2
2580,2,Group2
2581,2,Group2
2582,2,Group1
2583,2,Group2
2584,2,Group2
2585,2,Group2
2586,2,Group1
2587,2,Group1
2588,2,Group2
2589,2,Group2
2590,2,Group1
2591,2,Group2
2592,2,Group2
2593,2,Group2
2594,2,Group2
2595,2,Group2
2596,2,Group2
2597,2,Group2
2598,2,Group2
2599,2,Group2
2600,2,Group2
2601,2,Group2
2602,2,Group2
2603,2,Group1
2604,2,Group2
2605,2,Group2
2606,2,Group2
2607,2,Group2
2608,2,Group2
2609,2,Group2
2610,2,Group2
2611,2,Group2
2612,2,Group2
2613,2,Group2
2614,2,Group2
2615,2,Group2
2616,2,Group2
2617,2,Group2
2618,2,Group2
2619,2,Group1
2620,2,Group2
2621,2,Group2
2622,2,Group2
2623,2,Group2
2624,2,Group2
2625,2,Group2
2626,2,Group2
2627,2,Group2
2628,2,Group2
2629,2,Group2
2630,2,Group2
2631,2,Group2
2632,2,Group2
2633,2,Group2
2634,2,Group2
2635,2,Group2
2636,2,Group2
2637,2,Group2
2638,2,Group2
2639,2,Group2
2640,2,Group2
2641,2,Group2
2642,2,Group2
2643,2,Group2
2644,2,Group2
2645,2,Group2
2646,2,Group2
2647,2,Group2
2648,2,Group1
2649,2,Group2
2650,2,Group2
2651,2,Group2
2652,2,Group2
2653,2,Group2
2654,2,Group2
2655,2,Group2
2656,2,Group1
2657,2,Group2
2658,2,Group2
2659,2,Group2
2660,2,Group2
2661,2,Group2
2662,2,Group2
2663,2,Group2
2664,2,Group1
2665,2,Group2
2666,2,Group2
2667,2,Group2
2668,2,Group1
2669,2,Group2
2670,2,Group2
2671,2,Group2
2672,2,Group1
2673,2,Group2
2674,2,Group2
2675,2,Group2
2676,2,Group1
2677,2,Group2
2678,2,Group2
2679,2,Group2
2680,2,Group1
2681,2,Group1
2682,2,Group2
2683,2,Group2
2684,2,Group1
2685,2,Group1
2686,2,Group2
2687,2,Group2
2688,2,Group1
2689,2,Group2
2690,2,Group2
2691,2,Group2
2692,2,Group1
2693,2,Group2
2694,2,Group2
2695,2,Group2
2696,2,Group2
2697,2,Group2
2698,2,Group2
2699,2,Group2
2700,2,Group2
2701,2,Group2
2702,2,Group2
2703,2,Group2
2704,2,Group2
2705,2,Group2
2706,2,Group1
2707,2,Group2
2708,2,Group2
2709,2,Group2
2710,2,Group2
2711,2,Group2
2712,2,Group2
2713,2,Group2
2714,2,Group2
2715,2,Group2
2716,2,Group2
2717,2,Group2
2718,2,Group2
2719,2,Group2
2720,2,Group2
2721,2,Group2
2722,2,Group2
2723,2,Group2
2724,2,Group2
2725,2,Group2
2726,2,Group2
2727,2,Group2
2728,2,Group2
2729,2,Group2
2730,2,Group1
2731,2,Group2
2732,2,Group2
2733,2,Group2
2734,2,Group2
2735,2,Group2
2736,2,Group2
2737,2,Group2
2738,2,Group2
2739,2,Group2
2740,2,Group1
2741,2,Group2
2742,2,Group2
2743,2,Group2
2744,2,Group2
2745,2,Group2
2746,2,Group2
2747,2,Group2
2748,2,Group1
2749,2,Group1
2750,2,Group2
2751,2,Group1
2752,2,Group1
2753,2,Group1
2754,1,Group1
2755,1,Group2
2756,1,Group2
2757,1,Group1
2758,1,Group1
2759,1,Group2
2760,1,Group2
2761,1,Group1
2762,1,Group1
2763,1,Group2
2764,1,Group2
2765,1,Group1
2766,1,Group1
2767,1,Group2
2768,1,Group2
2769,1,Group2
2770,1,Group1
2771,1,Group2
2772,1,Group2
2773,1,Group1
2774,1,Group1
2775,1,Group2
2776,1,Group2
2777,1,Group2
2778,1,Group1
2779,1,Group2
2780,1,Group2
2781,1,Group2
2782,1,Group1
2783,1,Group2
2784,1,Group2
2785,1,Group2
2786,1,Group2
2787,1,Group2
2788,1,Group2
2789,1,Group1
2790,1,Group1
2791,1,Group2
2792,1,Group2
2793,1,Group2
2794,1,Group2
2795,1,Group2
2796,1,Group2
2797,1,Group2
2798,1,Group1
2799,1,Group2
2800,1,Group2
2801,1,Group2
2802,1,Group2
2803,1,Group2
2804,1,Group2
2805,1,Group2
2806,1,Group1
2807,1,Group2
2808,1,Group2
2809,1,Group2
2810,1,Group2
2811,1,Group2
2812,1,Group2
2813,1,Group2
2814,1,Group2
2815,1,Group2
2816,1,Group2
2817,1,Group1
2818,1,Group2
2819,1,Group2
2820,1,Group2
2821,1,Group2
2822,1,Group2
2823,1,Group2
2824,1,Group2
2825,1,Group2
2826,1,Group2
2827,1,Group2
2828,1,Group2
2829,1,Group2
2830,1,Group2
2831,1,Group2
2832,1,Group2
2833,1,Group1
2834,1,Group2
2835,1,Group2
2836,1,Group1
2837,1,Group2
2838,1,Group2
2839,1,Group2
2840,1,Group2
2841,1,Group2
2842,1,Group2
2843,1,Group2
2844,1,Group1
2845,1,Group2
2846,1,Group2
2847,1,Group2
2848,1,Group2
2849,1,Group2
2850,1,Group2
2851,1,Group2
2852,1,Group1
2853,1,Group2
2854,1,Group2
2855,1,Group2
2856,1,Group2
2857,1,Group2
2858,1,Group2
2859,1,Group2
2860,1,Group1
2861,1,Group2
2862,1,Group2
2863,1,Group2
2864,1,Group2
2865,1,Group2
2866,1,Group2
2867,1,Group2
2868,1,Group1
2869,1,Group2
2870,1,Group2
2871,1,Group2
2872,1,Group2
2873,1,Group2
2874,1,Group2
2875,1,Group2
2876,1,Group2
2877,1,Group2
2878,1,Group2
2879,1,Group2
2880,1,Group2
2881,1,Group2
2882,1,Group2
2883,1,Group2
2884,1,Group2
2885,1,Group2
2886,1,Group2
2887,1,Group2
2888,1,Group2
2889,1,Group2
2890,1,Group2
2891,1,Group2
2892,1,Group2
2893,1,Group2
2894,1,Group2
2895,1,Group2
2896,1,Group1
2897,1,Group2
2898,1,Group2
2899,1,Group2
2900,1,Group1
2901,1,Group2
2902,1,Group2
2903,1,Group1
2904,1,Group2
2905,1,Group2
2906,1,Group2
2907,1,Group2
2908,1,Group2
2909,1,Group2
2910,1,Group2
2911,1,Group2
2912,1,Group1
2913,1,Group2
2914,1,Group2
2915,1,Group2
2916,1,Group1
2917,1,Group2
2918,1,Group2
2919,1,Group2
2920,1,Group2
2921,1,Group2
2922,1,Group2
2923,1,Group2
2924,1,Group2
2925,1,Group2
2926,1,Group1
2927,1,Group1
2928,1,Group2
2929,1,Group2
2930,1,Group2
2931,1,Group2
2932,1,Group2
2933,1,Group2
2934,1,Group2
2935,1,Group1
2936,1,Group2
2937,1,Group2
2938,1,Group2
2939,1,Group2
2940,1,Group2
2941,1,Group2
2942,1,Group2
2943,1,Group1
2944,1,Group2
2945,1,Group2
2946,1,Group2
2947,1,Group2
2948,1,Group2
2949,1,Group2
2950,1,Group2
2951,1,Group2
2952,1,Group2
2953,1,Group2
2954,1,Group2
2955,1,Group2
2956,1,Group2
2957,1,Group2
2958,1,Group2
2959,1,Group1
2960,1,Group2
2961,1,Group2
2962,1,Group1
2963,1,Group2
2964,1,Group1
2965,1,Group2
2966,1,Group1
2967,1,Group2
2968,1,Group2
2969,1,Group2
2970,1,Group2
2971,1,Group2
2972,1,Group2
2973,1,Group2
2974,1,Group2
2975,1,Group2
2976,1,Group2
2977,1,Group2
2978,1,Group2
2979,1,Group2
2980,1,Group2
2981,1,Group1
2982,1,Group2
2983,1,Group1
2984,1,Group2
2985,1,Group1
2986,1,Group2
2987,1,Group1
2988,1,Group2
2989,1,Group1
2990,1,Group2
2991,1,Group2
2992,1,Group2
2993,1,Group2
2994,1,Group1
2995,1,Group2
2996,1,Group1
