id,received_messages,user_group
465,8745,Group1
2263,7527,Group1
3241,6318,Group2
2732,6150,Group1
2535,4542,Group1
2318,4382,Group1
58,4218,Group1
318,4133,Group1
1726,4051,Group1
2578,4005,Group1
414,4002,Group1
2939,3959,Group1
1326,3957,Group1
2952,3852,Group1
275,3842,Group1
2392,3651,Group1
1552,3650,Group1
1146,3565,Group1
2008,3549,Group1
1801,3481,Group1
1670,3467,Group1
2864,3449,Group1
2560,3335,Group1
2225,3321,Group1
2130,3309,Group1
1861,3281,Group1
3234,3052,Group1
2682,2938,Group1
2518,2908,Group1
715,2897,Group1
2970,2747,Group2
2465,2670,Group1
1906,2657,Group1
2576,2509,Group2
297,2463,Group1
1426,2415,Group1
1583,2319,Group1
827,2236,Group2
1970,2192,Group1
1515,2172,Group1
865,2150,Group1
2511,2136,Group1
2409,2134,Group1
1574,2105,Group1
170,2061,Group2
1077,2006,Group1
3139,2005,Group1
1520,1998,Group1
2415,1992,Group1
2009,1907,Group2
2595,1888,Group1
3248,1847,Group1
2171,1844,Group1
68,1835,Group1
53,1834,Group1
1548,1826,Group1
2354,1802,Group2
1218,1799,Group1
3205,1771,Group1
1492,1762,Group1
3146,1754,Group1
2309,1740,Group1
2302,1737,Group1
1802,1724,Group1
427,1722,Group1
2127,1720,Group2
2594,1696,Group1
922,1680,Group1
1768,1676,Group1
3025,1667,Group1
1960,1626,Group2
2693,1625,Group1
750,1601,Group2
1683,1592,Group1
636,1589,Group1
2629,1583,Group1
2516,1571,Group2
2657,1549,Group1
1806,1540,Group1
481,1539,Group1
1823,1526,Group1
2686,1518,Group1
2672,1514,Group1
1339,1506,Group1
16,1502,Group1
2083,1500,Group1
369,1475,Group1
173,1470,Group1
1466,1469,Group1
2715,1466,Group1
2580,1463,Group1
1923,1455,Group1
1967,1453,Group1
2155,1443,Group1
2071,1439,Group1
1550,1433,Group1
269,1428,Group1
3132,1424,Group2
2488,1422,Group1
141,1417,Group1
2787,1409,Group1
3019,1395,Group1
2471,1394,Group1
829,1393,Group1
2168,1384,Group2
3069,1368,Group2
340,1345,Group1
571,1330,Group1
1106,1321,Group1
1879,1319,Group1
831,1315,Group1
787,1303,Group1
1273,1301,Group1
337,1299,Group2
2473,1273,Group1
2252,1271,Group1
2753,1266,Group1
2069,1265,Group1
1725,1265,Group2
2807,1250,Group1
683,1247,Group2
1656,1247,Group1
2120,1243,Group1
656,1242,Group2
1290,1223,Group1
102,1201,Group1
2094,1191,Group1
107,1187,Group1
2794,1186,Group2
1454,1181,Group1
1929,1178,Group1
1363,1171,Group1
1495,1167,Group1
2816,1165,Group1
2714,1161,Group1
1410,1140,Group1
2701,1137,Group1
389,1133,Group1
1654,1113,Group1
780,1104,Group1
3131,1103,Group1
709,1100,Group1
1168,1087,Group1
2144,1082,Group2
1460,1058,Group1
3041,1057,Group1
1588,1057,Group1
2745,1056,Group1
1710,1047,Group1
30,1045,Group1
311,1039,Group1
6,1037,Group1
1534,1035,Group1
339,1030,Group2
3150,1011,Group2
2245,1010,Group2
1781,1010,Group1
960,1007,Group1
2811,1006,Group2
2858,993,Group1
3244,986,Group1
553,983,Group1
3133,978,Group1
1641,976,Group1
2208,969,Group2
721,969,Group1
1600,968,Group1
674,967,Group1
2286,961,Group1
1914,950,Group1
682,946,Group1
887,941,Group1
2585,936,Group1
225,936,Group1
1784,928,Group1
3120,927,Group1
944,926,Group2
3224,924,Group1
23,923,Group1
631,920,Group1
1814,915,Group2
3016,914,Group2
970,913,Group1
1668,912,Group1
455,895,Group1
1771,894,Group1
3161,880,Group2
2493,875,Group1
1143,874,Group1
1704,873,Group1
2992,872,Group1
2626,872,Group1
1207,869,Group1
2994,862,Group1
205,861,Group2
444,845,Group1
237,843,Group1
1526,842,Group1
746,840,Group1
880,837,Group1
725,837,Group1
1867,830,Group1
784,824,Group1
2079,823,Group2
56,820,Group1
1737,820,Group2
76,816,Group1
835,813,Group1
1015,808,Group2
3238,806,Group1
813,804,Group1
87,798,Group1
386,797,Group1
860,797,Group1
692,796,Group1
1346,789,Group1
2541,786,Group1
971,781,Group1
920,776,Group1
1192,775,Group2
1589,775,Group1
1254,771,Group1
139,770,Group1
1385,770,Group1
1663,770,Group1
621,763,Group1
210,763,Group1
146,754,Group1
688,754,Group1
1392,741,Group1
1776,738,Group1
50,735,Group1
624,733,Group2
3188,732,Group2
1955,727,Group1
821,726,Group1
420,722,Group2
336,718,Group2
2023,717,Group1
689,711,Group1
1128,708,Group2
1298,699,Group1
1502,694,Group1
1364,693,Group1
3219,688,Group1
1222,685,Group1
1932,672,Group1
1591,670,Group1
2056,669,Group2
1622,668,Group1
783,668,Group1
2636,667,Group1
24,665,Group1
1587,664,Group1
635,663,Group2
305,662,Group1
2138,658,Group1
3119,654,Group2
2014,653,Group1
1862,645,Group1
544,644,Group1
3013,642,Group1
3143,640,Group2
1845,638,Group1
2165,638,Group1
518,637,Group1
2823,635,Group1
639,633,Group1
92,632,Group2
1287,632,Group1
127,629,Group1
1703,625,Group1
1803,624,Group1
1072,622,Group2
1343,622,Group1
2110,619,Group1
1435,619,Group2
266,614,Group1
2497,612,Group1
660,611,Group1
1780,610,Group1
779,605,Group1
2339,605,Group1
2906,603,Group2
3231,600,Group1
2391,599,Group1
1188,597,Group1
1309,597,Group2
993,596,Group1
666,594,Group1
509,592,Group1
162,591,Group1
767,590,Group2
112,586,Group1
695,584,Group1
1388,584,Group1
630,582,Group1
873,581,Group2
939,578,Group1
3076,578,Group1
1810,578,Group1
1148,577,Group2
1353,572,Group1
2230,567,Group1
2281,564,Group1
1512,559,Group2
1262,558,Group1
3179,555,Group1
397,551,Group2
2082,545,Group1
1830,540,Group1
479,539,Group1
2031,537,Group1
2428,536,Group1
194,535,Group1
1212,534,Group2
1032,534,Group1
2633,532,Group1
2747,531,Group1
825,531,Group1
1580,529,Group1
2618,524,Group1
1989,524,Group1
3239,524,Group1
2522,523,Group1
521,519,Group1
1773,517,Group1
471,513,Group2
2935,513,Group1
288,509,Group1
1139,508,Group1
2464,506,Group1
1323,506,Group1
2696,503,Group1
2642,502,Group2
1655,502,Group2
2191,502,Group1
2500,501,Group1
2433,497,Group1
2592,497,Group1
2536,497,Group1
1671,497,Group1
1029,496,Group1
177,495,Group1
531,493,Group1
1917,492,Group1
1896,490,Group1
263,488,Group1
2589,486,Group2
576,484,Group1
1166,481,Group1
2270,480,Group1
323,480,Group1
226,480,Group1
1962,479,Group1
232,479,Group1
1476,476,Group1
2572,476,Group1
3042,476,Group1
2362,475,Group1
3,472,Group1
670,472,Group1
1005,472,Group1
2591,471,Group1
2507,467,Group2
2169,467,Group1
184,466,Group2
786,465,Group1
3246,464,Group2
2755,463,Group1
2456,460,Group1
738,459,Group2
222,457,Group1
2446,453,Group1
2737,453,Group1
1627,453,Group2
2911,451,Group1
1817,451,Group2
168,450,Group1
2253,447,Group1
2015,447,Group1
1682,446,Group1
2909,446,Group1
1581,446,Group1
2116,445,Group1
3090,445,Group1
2384,443,Group1
1430,440,Group1
3163,437,Group1
2357,435,Group1
1220,435,Group1
3105,434,Group1
898,433,Group1
627,431,Group1
1839,430,Group1
3138,428,Group2
1911,426,Group2
1585,425,Group1
1877,424,Group1
542,424,Group1
711,421,Group1
133,420,Group1
782,420,Group2
951,420,Group1
1961,420,Group1
2105,418,Group2
2799,418,Group1
1894,415,Group1
1195,415,Group2
832,413,Group1
818,411,Group1
1155,409,Group1
2004,408,Group1
2786,408,Group1
38,407,Group1
1575,406,Group1
2571,406,Group1
1545,406,Group1
398,406,Group2
2941,406,Group1
1064,405,Group2
1640,405,Group1
395,405,Group2
3059,405,Group2
2326,404,Group1
1338,404,Group2
2628,404,Group2
1396,403,Group1
2369,403,Group2
2702,402,Group1
307,401,Group1
22,400,Group1
1824,398,Group1
1950,398,Group1
2839,398,Group1
3081,397,Group2
1730,397,Group1
1716,396,Group2
174,395,Group1
1468,394,Group1
80,394,Group1
3213,393,Group1
1964,390,Group1
843,390,Group1
2600,389,Group1
3083,389,Group2
1828,388,Group1
1546,387,Group1
812,387,Group1
741,387,Group1
51,387,Group1
2193,386,Group1
3190,385,Group1
2436,385,Group1
3004,385,Group1
233,385,Group1
3062,381,Group1
375,381,Group1
2927,380,Group1
3103,379,Group1
441,379,Group1
839,378,Group1
430,378,Group1
485,376,Group1
1442,376,Group1
1596,375,Group1
378,375,Group1
1241,374,Group1
2061,374,Group1
1849,373,Group1
642,373,Group1
897,372,Group1
2999,371,Group1
2365,369,Group1
777,368,Group1
735,368,Group1
462,366,Group1
1995,366,Group2
480,365,Group1
2993,364,Group1
2141,364,Group2
705,364,Group2
1537,364,Group2
3142,364,Group1
1117,363,Group1
2609,362,Group1
1377,362,Group1
1169,361,Group2
3065,360,Group1
615,359,Group2
858,357,Group2
20,357,Group1
3039,357,Group1
1865,353,Group1
2472,353,Group2
1247,353,Group1
1718,352,Group1
3195,351,Group1
1369,351,Group2
1538,351,Group1
114,349,Group1
1263,347,Group1
2611,346,Group2
1378,346,Group2
2151,345,Group1
530,344,Group1
2181,343,Group2
2477,343,Group2
90,343,Group1
2396,342,Group1
583,342,Group1
1930,341,Group1
774,340,Group1
2752,340,Group1
3058,340,Group1
3169,340,Group1
3097,340,Group1
2750,340,Group1
593,339,Group1
869,338,Group2
2846,338,Group1
2370,337,Group1
1624,336,Group1
2321,336,Group1
3073,336,Group1
592,336,Group1
2401,335,Group1
1705,333,Group1
78,333,Group1
353,331,Group1
1232,331,Group1
1080,331,Group1
557,331,Group1
3180,331,Group1
348,330,Group1
2739,329,Group1
1636,328,Group2
612,327,Group1
590,327,Group1
565,326,Group1
437,324,Group1
344,324,Group1
3106,324,Group1
2435,324,Group1
2175,324,Group1
2775,324,Group1
2528,323,Group1
2654,320,Group1
1672,320,Group1
876,320,Group1
2740,320,Group1
3113,319,Group1
2331,319,Group1
1047,316,Group2
1423,315,Group2
2761,315,Group1
2163,315,Group1
1563,315,Group2
1667,314,Group1
605,314,Group1
1042,314,Group1
2170,313,Group1
2439,312,Group1
396,311,Group1
1819,310,Group2
2603,310,Group1
2525,310,Group1
1016,310,Group2
1840,307,Group1
684,307,Group1
1858,306,Group2
594,306,Group2
3201,304,Group1
2748,304,Group1
1533,303,Group1
810,303,Group1
2583,302,Group1
1038,302,Group2
512,301,Group1
1759,301,Group1
918,301,Group1
1418,301,Group1
2154,300,Group1
2440,300,Group1
1959,300,Group1
3126,299,Group1
707,299,Group1
2028,299,Group1
94,298,Group1
2531,298,Group2
2496,298,Group1
2987,298,Group1
1008,298,Group1
1194,297,Group1
1059,296,Group1
2815,296,Group1
2563,296,Group1
804,296,Group1
1807,295,Group1
1370,295,Group1
2202,293,Group1
1292,292,Group1
1459,290,Group1
3160,290,Group1
2746,289,Group1
1026,289,Group1
1178,288,Group2
814,288,Group1
2039,288,Group1
1978,288,Group2
823,287,Group1
273,287,Group2
81,286,Group2
1302,286,Group1
728,285,Group1
1601,285,Group1
503,284,Group1
1347,284,Group2
1963,284,Group1
178,284,Group1
2965,283,Group2
902,283,Group1
1054,283,Group1
979,283,Group1
61,283,Group2
1126,282,Group1
908,282,Group1
1733,282,Group1
1500,282,Group1
45,282,Group2
969,282,Group1
3174,282,Group1
1506,282,Group1
1043,282,Group1
998,281,Group1
2016,281,Group1
1498,281,Group1
2275,279,Group1
799,279,Group2
1605,279,Group1
713,278,Group1
2266,278,Group1
47,277,Group1
2375,277,Group1
2840,276,Group1
1276,276,Group1
2248,276,Group2
1607,276,Group1
1173,275,Group1
849,275,Group1
1477,275,Group2
989,275,Group1
270,274,Group1
2179,274,Group1
115,273,Group1
1443,273,Group1
3033,273,Group1
1833,272,Group1
2612,271,Group1
106,271,Group1
1010,271,Group1
1756,271,Group1
1425,270,Group1
46,269,Group1
1837,268,Group1
3045,268,Group1
167,268,Group1
366,265,Group1
11,264,Group1
113,264,Group1
1449,264,Group1
2852,264,Group1
1278,264,Group2
1740,264,Group2
197,264,Group1
914,263,Group1
2042,263,Group1
999,263,Group1
193,262,Group1
54,262,Group1
2348,260,Group1
286,260,Group1
2010,260,Group1
2976,260,Group1
2870,260,Group1
3210,260,Group1
2003,259,Group1
857,259,Group2
2876,259,Group1
234,259,Group1
1614,258,Group2
2239,257,Group1
2818,257,Group2
1357,257,Group1
3236,256,Group1
581,255,Group1
2136,254,Group1
1690,253,Group2
3185,253,Group1
1145,253,Group1
770,252,Group1
253,252,Group1
1025,252,Group2
690,251,Group1
265,251,Group1
977,250,Group1
2383,249,Group2
2246,249,Group1
73,248,Group1
1611,247,Group1
1610,247,Group1
2390,247,Group2
2972,246,Group2
948,246,Group1
2020,246,Group2
1210,246,Group1
781,245,Group1
1049,245,Group1
1686,243,Group2
1501,243,Group1
2234,243,Group2
2007,243,Group1
126,243,Group1
2167,243,Group1
954,242,Group1
255,242,Group2
2668,241,Group1
2243,240,Group1
1311,239,Group1
2453,239,Group1
1790,239,Group1
1903,239,Group2
1211,239,Group1
716,238,Group2
679,237,Group1
662,237,Group2
2087,236,Group2
411,236,Group2
589,236,Group1
1897,236,Group1
89,236,Group1
1429,236,Group2
1334,235,Group1
1692,235,Group1
317,235,Group1
555,234,Group1
2029,234,Group2
1944,233,Group2
2652,233,Group2
2356,233,Group1
1297,233,Group2
2776,233,Group1
2342,233,Group1
745,232,Group2
691,232,Group1
2121,232,Group1
868,231,Group1
407,231,Group1
1098,231,Group2
972,230,Group1
2427,230,Group1
1322,230,Group1
2653,229,Group2
2279,229,Group1
1811,229,Group1
3082,229,Group1
2160,228,Group1
1741,228,Group2
1219,228,Group1
2115,227,Group1
651,227,Group1
494,226,Group1
658,226,Group1
2540,226,Group1
1798,226,Group1
1060,226,Group1
2215,225,Group1
2381,224,Group2
1625,223,Group1
447,223,Group1
1751,223,Group1
2510,223,Group1
2395,222,Group1
3192,221,Group2
2763,221,Group1
142,221,Group1
2055,220,Group1
1711,220,Group2
2931,220,Group1
328,219,Group1
2461,219,Group1
2299,219,Group1
1407,219,Group1
1354,218,Group1
2731,216,Group1
1214,216,Group1
788,215,Group1
1694,214,Group2
221,213,Group1
2147,213,Group1
1815,212,Group2
32,212,Group1
884,212,Group1
460,212,Group2
796,211,Group1
1701,211,Group2
2804,211,Group1
2300,211,Group2
871,210,Group1
2077,210,Group2
2990,210,Group2
1755,209,Group2
2824,209,Group1
894,209,Group1
368,208,Group1
1626,208,Group1
3149,208,Group1
67,208,Group2
63,207,Group2
1070,206,Group1
1696,206,Group1
1457,206,Group1
1792,205,Group2
1829,205,Group1
388,205,Group1
1179,204,Group1
917,204,Group1
854,203,Group1
2441,203,Group2
2223,203,Group2
1094,203,Group1
669,202,Group1
1893,202,Group1
2462,202,Group1
454,202,Group2
298,202,Group1
1543,202,Group2
942,202,Group2
3125,201,Group1
2194,201,Group2
1664,201,Group2
910,200,Group1
1531,200,Group1
3187,200,Group2
762,200,Group2
1688,199,Group1
2386,198,Group1
498,198,Group1
2674,197,Group2
2711,197,Group1
2005,197,Group1
2237,197,Group1
1966,197,Group2
2372,196,Group1
2143,196,Group1
2298,196,Group1
1163,196,Group1
289,195,Group1
1336,195,Group1
1116,195,Group1
2947,194,Group2
2344,194,Group1
1271,193,Group2
264,193,Group2
2297,193,Group2
3216,192,Group1
1001,192,Group2
2040,192,Group2
1707,192,Group1
97,192,Group1
2195,191,Group1
3151,191,Group1
3186,191,Group2
1539,190,Group2
1151,190,Group2
2758,190,Group1
2917,190,Group2
2123,189,Group2
2,189,Group1
1483,189,Group1
1709,189,Group1
3228,189,Group1
2166,188,Group2
2782,188,Group2
1360,188,Group2
2798,188,Group1
2430,188,Group2
3200,188,Group2
2844,187,Group1
1659,187,Group2
1496,187,Group2
496,187,Group1
1268,186,Group1
1645,186,Group1
1519,186,Group1
2494,185,Group1
2617,185,Group1
1956,185,Group1
628,185,Group1
2476,185,Group1
2228,185,Group1
64,184,Group2
3152,184,Group1
696,184,Group1
1229,184,Group1
3104,184,Group2
2037,184,Group1
224,183,Group1
1081,182,Group2
1406,182,Group1
1980,182,Group1
681,182,Group1
2478,181,Group1
1159,181,Group1
2337,181,Group1
3079,181,Group1
1988,180,Group2
2729,180,Group2
357,180,Group2
794,179,Group1
809,179,Group1
198,179,Group1
159,179,Group1
2666,178,Group2
1908,178,Group1
1494,178,Group2
3100,178,Group2
2075,177,Group2
927,177,Group1
404,177,Group1
3017,177,Group1
1245,177,Group1
2720,176,Group2
1448,176,Group1
1118,176,Group1
724,175,Group1
648,175,Group2
2236,174,Group2
1799,174,Group1
2533,174,Group1
1926,174,Group1
582,173,Group1
923,173,Group2
1720,173,Group1
1676,173,Group1
1981,173,Group1
3144,172,Group1
1471,172,Group1
1996,172,Group2
2989,171,Group1
3015,171,Group2
1251,171,Group1
2506,171,Group1
3237,170,Group1
1344,170,Group1
881,170,Group1
2035,170,Group2
548,170,Group1
2645,170,Group1
580,169,Group1
1093,169,Group1
2468,169,Group2
2135,168,Group1
1041,168,Group1
1083,168,Group1
1380,168,Group2
1488,168,Group2
284,167,Group2
602,167,Group2
549,167,Group2
727,167,Group1
1618,167,Group1
2213,166,Group1
889,166,Group1
1834,166,Group2
128,166,Group2
3116,165,Group1
2921,165,Group1
1120,165,Group2
1743,164,Group2
190,164,Group2
1174,164,Group2
3022,163,Group1
2164,163,Group1
1578,163,Group1
2080,163,Group2
1371,162,Group1
608,162,Group1
2089,162,Group1
1115,161,Group1
1652,161,Group1
976,161,Group2
1090,161,Group1
2893,160,Group1
1402,160,Group1
25,160,Group1
1727,160,Group1
2264,160,Group1
209,160,Group1
1916,160,Group1
2950,160,Group2
3225,160,Group1
3048,159,Group1
2045,159,Group2
132,158,Group1
1883,158,Group1
1985,158,Group2
213,158,Group2
2910,157,Group2
1144,157,Group1
2182,157,Group1
2268,157,Group1
70,157,Group1
183,156,Group1
2551,156,Group1
2353,156,Group1
2548,156,Group2
1383,155,Group1
961,155,Group2
370,155,Group1
2597,155,Group2
1608,155,Group1
1915,154,Group1
1404,153,Group1
1653,153,Group1
1221,152,Group1
206,152,Group1
1303,152,Group1
2125,152,Group1
230,151,Group1
1674,150,Group1
1349,150,Group2
380,150,Group1
1475,149,Group1
2542,149,Group1
1153,149,Group1
1020,149,Group1
215,149,Group1
511,149,Group2
2704,149,Group2
1328,148,Group1
1661,148,Group1
1739,148,Group1
2810,148,Group2
3050,148,Group1
1875,147,Group1
1121,147,Group1
1414,147,Group2
1557,146,Group2
216,146,Group2
382,146,Group1
3093,146,Group1
2679,146,Group1
2956,146,Group1
57,146,Group1
694,145,Group2
731,145,Group1
2843,145,Group1
2118,145,Group2
1631,145,Group1
2397,145,Group2
2206,144,Group1
1149,144,Group1
493,143,Group2
192,143,Group2
937,143,Group2
596,142,Group2
341,142,Group1
1413,142,Group1
930,142,Group1
1724,141,Group1
757,141,Group2
2174,141,Group1
1039,141,Group1
890,141,Group1
220,141,Group1
736,140,Group1
1321,140,Group1
1288,140,Group2
2830,140,Group2
2767,140,Group1
1024,139,Group1
171,139,Group2
59,139,Group1
1509,139,Group1
252,138,Group1
2608,138,Group1
710,138,Group1
2667,138,Group1
2019,138,Group1
137,138,Group1
1779,138,Group1
2109,138,Group1
383,137,Group1
641,137,Group1
2048,137,Group1
1051,137,Group1
2549,137,Group1
1847,137,Group1
1315,136,Group1
3202,136,Group1
766,136,Group1
120,136,Group2
1367,136,Group2
1699,136,Group1
176,135,Group2
931,135,Group1
797,135,Group1
152,135,Group1
2640,135,Group1
901,135,Group1
577,135,Group1
359,135,Group1
2877,135,Group1
734,134,Group1
1150,134,Group2
957,134,Group2
3096,133,Group1
2242,133,Group1
2013,133,Group1
439,133,Group1
1314,133,Group2
3089,133,Group2
251,132,Group2
148,132,Group2
201,132,Group1
2210,132,Group1
19,132,Group1
1579,132,Group1
2875,131,Group2
2862,131,Group1
2683,131,Group2
1127,131,Group2
2084,131,Group2
1,131,Group1
2814,131,Group1
1529,131,Group1
1532,131,Group1
529,131,Group1
2505,130,Group1
2122,130,Group2
1453,130,Group2
17,130,Group2
1133,130,Group2
2260,130,Group1
327,130,Group1
44,129,Group1
3011,129,Group1
363,129,Group2
1920,129,Group2
3111,129,Group1
1527,129,Group2
850,129,Group2
830,129,Group1
2920,129,Group1
406,128,Group1
1821,128,Group2
1665,128,Group1
2219,128,Group1
2554,127,Group2
72,127,Group1
1175,127,Group1
2207,127,Group1
2660,127,Group1
547,127,Group2
1419,127,Group2
34,126,Group1
1451,126,Group1
1765,126,Group2
3118,126,Group1
1034,126,Group2
2052,126,Group1
1945,126,Group1
2690,126,Group1
3054,126,Group1
2002,126,Group2
3029,126,Group1
1822,126,Group2
2200,126,Group2
1662,126,Group1
3250,126,Group2
164,125,Group1
1141,125,Group2
408,125,Group2
2402,125,Group2
160,125,Group1
2728,125,Group1
2744,124,Group1
791,124,Group1
919,124,Group1
3012,124,Group1
847,123,Group1
282,123,Group2
259,123,Group1
1202,123,Group1
867,123,Group1
2156,122,Group2
1851,122,Group1
1487,122,Group1
1372,122,Group2
1004,121,Group1
769,121,Group1
2291,121,Group1
2258,121,Group1
2532,121,Group2
1617,121,Group2
118,121,Group1
86,120,Group1
1972,120,Group1
10,120,Group1
1122,120,Group1
2047,120,Group2
1018,120,Group1
1728,120,Group1
2063,119,Group1
472,119,Group1
294,119,Group1
3030,119,Group1
2074,119,Group1
2257,119,Group1
477,119,Group2
626,118,Group1
2892,118,Group1
2203,118,Group1
69,118,Group1
3024,118,Group2
2908,118,Group1
1313,118,Group1
2790,118,Group1
2097,118,Group1
1525,117,Group2
231,117,Group1
3184,117,Group1
2119,117,Group1
924,117,Group2
1052,117,Group1
238,117,Group1
2312,117,Group1
18,117,Group2
468,117,Group2
1735,116,Group2
1907,116,Group2
413,116,Group1
1948,116,Group2
1905,116,Group1
347,116,Group2
4,115,Group1
2671,115,Group1
556,115,Group1
1050,115,Group1
123,115,Group1
2062,115,Group1
446,115,Group1
2689,115,Group2
1239,115,Group1
2293,114,Group1
2482,114,Group1
1565,114,Group1
390,114,Group1
906,114,Group2
2091,113,Group1
2964,113,Group1
1019,113,Group1
2455,113,Group1
2889,113,Group1
3173,113,Group1
2216,113,Group2
785,113,Group1
457,112,Group1
3203,112,Group1
2380,112,Group1
2076,112,Group2
1417,112,Group2
1793,112,Group2
329,112,Group2
415,112,Group2
1490,112,Group1
153,112,Group1
243,112,Group2
921,111,Group2
1185,111,Group1
2269,111,Group1
1113,111,Group1
2480,111,Group1
1485,111,Group2
2469,111,Group1
2490,111,Group1
2099,111,Group1
3023,110,Group1
1438,110,Group1
1599,110,Group1
1327,110,Group1
805,109,Group1
1331,109,Group1
1134,109,Group1
2400,109,Group2
2393,109,Group2
2881,109,Group1
2723,109,Group2
978,109,Group2
2801,109,Group1
2419,109,Group1
3197,109,Group2
2646,108,Group1
1658,108,Group1
2724,108,Group1
3170,107,Group1
2685,106,Group1
1472,106,Group1
2235,106,Group2
2057,106,Group1
2979,106,Group2
1938,106,Group2
440,106,Group1
550,106,Group1
896,105,Group1
2841,105,Group1
1306,105,Group1
2577,105,Group2
572,105,Group2
987,105,Group2
1021,105,Group1
3072,105,Group1
373,104,Group2
1427,104,Group1
1045,104,Group1
342,104,Group2
236,104,Group2
2366,104,Group1
2410,103,Group1
2765,103,Group2
1782,103,Group1
1450,103,Group1
2890,103,Group1
2774,102,Group2
1681,102,Group1
2276,102,Group1
537,102,Group1
2024,102,Group1
119,102,Group2
2545,102,Group1
360,102,Group1
566,102,Group1
2966,102,Group1
2866,102,Group1
2791,101,Group1
1843,101,Group1
1968,101,Group1
536,101,Group1
27,101,Group1
304,101,Group1
1108,101,Group1
1866,101,Group1
2851,100,Group1
2743,100,Group2
2899,100,Group2
2725,100,Group2
2627,100,Group2
1244,100,Group2
870,100,Group1
1036,100,Group1
2137,100,Group1
1863,99,Group1
771,99,Group1
1666,99,Group1
1259,99,Group2
2604,99,Group1
2694,99,Group1
2872,98,Group2
2238,98,Group1
2090,98,Group1
2700,98,Group2
1056,97,Group2
3037,97,Group1
1193,97,Group1
108,97,Group1
254,97,Group1
1101,96,Group2
2495,96,Group1
1818,96,Group1
204,96,Group2
352,96,Group2
3095,96,Group1
3094,96,Group2
179,95,Group1
2586,95,Group2
811,95,Group1
2224,95,Group1
2150,95,Group2
2886,95,Group1
3021,95,Group1
1769,95,Group2
1340,95,Group2
973,94,Group2
2632,94,Group1
2665,94,Group1
2027,94,Group2
1992,94,Group2
299,94,Group2
2922,94,Group1
1857,94,Group1
1200,94,Group2
520,94,Group1
1754,93,Group2
261,93,Group1
2186,93,Group1
1209,93,Group2
525,93,Group1
802,93,Group1
1569,93,Group1
351,93,Group1
2596,92,Group2
2638,92,Group2
2706,92,Group1
1171,92,Group1
1979,92,Group1
1931,92,Group1
578,92,Group1
2049,92,Group1
2389,92,Group1
249,92,Group2
2363,91,Group2
2107,91,Group1
3155,91,Group1
180,91,Group2
458,91,Group1
2759,91,Group1
2360,91,Group2
1123,90,Group1
2492,90,Group2
326,90,Group1
3049,90,Group1
765,90,Group1
2447,89,Group1
2196,89,Group1
2460,89,Group1
1095,89,Group1
358,89,Group2
2529,89,Group2
1248,89,Group1
2884,88,Group1
1391,88,Group2
846,88,Group2
250,88,Group2
964,88,Group2
2547,88,Group2
1088,88,Group1
1997,88,Group1
3117,88,Group2
756,87,Group1
1411,87,Group1
2573,87,Group2
1359,87,Group1
96,87,Group1
3154,87,Group1
1446,87,Group1
1933,87,Group1
591,86,Group2
824,86,Group2
2320,86,Group2
1544,86,Group1
619,86,Group2
2185,85,Group1
742,85,Group1
1764,85,Group2
838,85,Group1
1616,85,Group2
752,85,Group1
2894,85,Group1
1437,85,Group2
2756,85,Group1
2688,85,Group1
686,85,Group1
2918,85,Group1
573,84,Group2
109,84,Group1
1274,84,Group1
1899,84,Group1
324,84,Group1
1592,83,Group1
1236,83,Group2
279,83,Group1
1393,83,Group1
489,83,Group1
1299,83,Group2
466,82,Group1
1161,82,Group1
1403,82,Group2
1767,82,Group1
723,82,Group2
2550,82,Group1
543,82,Group2
490,82,Group1
1300,82,Group2
2625,81,Group2
2241,81,Group1
634,81,Group2
1518,81,Group1
654,81,Group2
790,81,Group2
1104,81,Group2
2607,81,Group1
1973,80,Group2
1719,80,Group2
1644,80,Group1
2770,80,Group1
2954,80,Group1
2229,80,Group2
1990,80,Group1
3129,80,Group1
1706,79,Group1
2781,79,Group1
903,79,Group1
1017,79,Group2
895,79,Group1
2021,79,Group1
384,78,Group1
1000,78,Group2
1786,78,Group1
122,78,Group2
2313,78,Group1
2678,78,Group2
2443,78,Group1
1881,78,Group1
1350,78,Group1
502,78,Group2
717,78,Group2
3001,78,Group2
527,78,Group1
3101,78,Group1
1895,77,Group2
240,77,Group1
1951,77,Group1
138,77,Group1
2280,77,Group1
1486,76,Group1
1942,76,Group2
2955,76,Group2
309,76,Group1
706,76,Group2
121,76,Group1
39,76,Group2
1366,75,Group2
3092,75,Group2
678,75,Group2
2499,75,Group1
2648,75,Group1
2873,74,Group2
1541,74,Group1
136,74,Group1
320,74,Group1
2502,74,Group2
677,74,Group2
1749,74,Group1
1319,74,Group2
211,73,Group1
3008,73,Group1
1399,73,Group2
3147,73,Group2
899,73,Group2
2459,73,Group1
614,72,Group2
718,72,Group2
2915,72,Group2
1890,72,Group1
2073,72,Group2
2329,72,Group2
1986,72,Group2
229,72,Group1
764,72,Group1
2985,72,Group1
1593,72,Group1
335,72,Group1
2407,71,Group1
2623,71,Group1
1046,71,Group2
1183,71,Group2
2332,70,Group1
1415,70,Group2
2820,70,Group1
1224,70,Group1
262,70,Group1
3035,70,Group2
37,70,Group1
2942,70,Group1
49,70,Group2
3107,70,Group2
2879,70,Group2
1794,69,Group1
321,69,Group1
1246,69,Group1
1657,69,Group1
315,69,Group2
2212,69,Group1
2530,69,Group2
1291,69,Group1
1612,69,Group1
2001,69,Group2
474,68,Group1
2968,68,Group1
585,68,Group2
442,68,Group1
885,68,Group2
2579,68,Group2
1691,68,Group1
1887,68,Group2
1131,68,Group1
2350,68,Group1
911,68,Group1
2863,67,Group1
928,67,Group1
936,67,Group1
1632,67,Group1
3055,67,Group1
2240,67,Group2
3066,67,Group1
1561,67,Group1
2217,67,Group1
1912,67,Group2
1295,66,Group1
79,66,Group1
1186,66,Group2
3061,66,Group1
1006,66,Group1
448,66,Group2
2292,66,Group1
290,66,Group2
2517,66,Group1
1250,66,Group2
3207,66,Group1
2960,66,Group1
1164,65,Group1
2111,65,Group2
1044,65,Group1
848,65,Group1
1684,65,Group2
2602,65,Group2
2434,65,Group1
569,65,Group1
82,65,Group1
1567,65,Group2
150,65,Group2
1307,65,Group1
1650,65,Group2
575,64,Group1
2311,64,Group2
1283,64,Group1
2709,64,Group1
1066,64,Group1
2721,64,Group2
2914,64,Group1
1869,64,Group1
1201,64,Group1
1949,64,Group2
2762,63,Group1
1167,63,Group1
2521,63,Group1
409,63,Group1
1572,63,Group1
967,63,Group1
1522,63,Group1
3099,63,Group1
2867,63,Group1
535,62,Group2
3211,62,Group1
2364,62,Group2
1009,62,Group2
385,62,Group1
28,62,Group1
1864,62,Group1
268,62,Group2
75,62,Group2
3018,62,Group2
1225,62,Group1
975,62,Group2
2901,61,Group2
1226,61,Group2
599,61,Group2
1977,61,Group2
1479,61,Group1
158,61,Group1
2377,61,Group1
1678,61,Group1
453,60,Group2
1642,60,Group2
625,60,Group1
2669,60,Group1
1504,60,Group1
1318,60,Group2
986,60,Group2
3108,60,Group1
1553,60,Group2
1505,60,Group1
606,60,Group1
2936,60,Group2
1351,59,Group2
2315,59,Group1
680,59,Group1
1846,59,Group2
1702,59,Group1
675,59,Group2
2907,59,Group1
1809,59,Group1
3028,59,Group2
929,59,Group1
218,59,Group1
1598,59,Group2
1594,58,Group1
2411,58,Group1
676,58,Group1
2769,58,Group1
2333,58,Group1
1732,58,Group2
2068,58,Group2
2822,58,Group2
878,58,Group1
1886,57,Group1
1571,57,Group2
1554,57,Group2
60,57,Group1
334,57,Group1
962,57,Group1
3044,57,Group2
1277,57,Group1
3209,57,Group1
617,57,Group1
2930,57,Group2
2860,57,Group1
2856,56,Group2
42,56,Group2
2833,56,Group1
7,56,Group1
2192,56,Group1
1227,56,Group2
1832,56,Group2
1715,55,Group2
2929,55,Group1
2523,55,Group2
21,55,Group2
968,55,Group1
2022,55,Group2
2967,55,Group2
2568,55,Group2
2288,55,Group2
245,54,Group2
2201,54,Group1
1240,54,Group1
2512,54,Group1
77,54,Group1
3172,54,Group2
9,54,Group1
697,54,Group2
1190,54,Group2
2417,54,Group1
1493,53,Group2
2902,53,Group1
2896,53,Group1
410,53,Group2
1215,53,Group2
657,53,Group2
1176,53,Group2
737,53,Group2
994,52,Group1
392,52,Group1
1285,52,Group1
559,52,Group1
1763,52,Group1
982,52,Group1
1356,52,Group1
990,52,Group2
1994,52,Group2
1142,52,Group1
1456,52,Group2
1079,52,Group2
2373,52,Group2
2741,51,Group1
1265,51,Group1
1958,51,Group2
1424,51,Group1
1282,51,Group1
595,51,Group1
2680,51,Group1
1513,51,Group2
647,51,Group1
505,51,Group1
1109,51,Group2
333,51,Group1
708,51,Group2
3233,51,Group2
3070,51,Group1
2687,51,Group2
3127,51,Group1
345,50,Group1
371,50,Group2
1813,50,Group1
1499,50,Group1
5,50,Group2
2088,50,Group1
2663,50,Group2
3220,50,Group1
965,50,Group2
1057,50,Group2
945,50,Group2
1337,50,Group1
2564,49,Group1
2152,49,Group2
95,49,Group1
1919,49,Group1
2803,49,Group2
1301,49,Group1
2945,49,Group2
2457,49,Group2
2103,49,Group1
2271,49,Group1
2113,49,Group2
1820,49,Group1
2351,49,Group1
2887,49,Group2
3177,49,Group2
2304,48,Group1
1562,48,Group2
2489,48,Group1
2198,48,Group2
1089,48,Group2
3166,47,Group1
991,47,Group1
2124,47,Group2
1827,47,Group2
815,47,Group2
1762,47,Group1
74,47,Group1
980,47,Group2
2795,47,Group2
2358,47,Group2
2485,47,Group1
149,47,Group1
1228,47,Group2
470,47,Group2
2719,47,Group1
260,47,Group1
1689,47,Group1
643,46,Group2
2221,46,Group1
2416,46,Group2
2067,46,Group1
2314,46,Group1
2712,46,Group1
2145,46,Group2
1368,46,Group1
693,46,Group1
2971,46,Group1
1305,46,Group1
778,46,Group2
2414,46,Group2
2983,46,Group2
2424,46,Group1
1310,45,Group2
1936,45,Group2
2437,45,Group1
2943,45,Group1
1870,45,Group2
915,45,Group2
428,45,Group1
3084,45,Group2
2957,45,Group2
3046,45,Group2
1633,45,Group1
925,45,Group1
15,45,Group1
3005,45,Group1
2272,44,Group2
2534,44,Group1
248,44,Group2
2046,44,Group2
3221,44,Group2
36,44,Group1
2408,44,Group2
1304,43,Group2
3031,43,Group1
1085,43,Group1
2509,42,Group1
1464,42,Group2
912,42,Group1
826,42,Group1
2637,42,Group2
2705,42,Group2
1511,42,Group1
623,41,Group2
500,41,Group2
916,41,Group1
712,41,Group1
1014,41,Group1
1797,41,Group2
3245,41,Group1
1431,41,Group2
1564,41,Group1
1329,41,Group2
2352,41,Group1
540,41,Group1
866,40,Group2
1582,40,Group2
83,40,Group2
2738,40,Group2
195,40,Group1
272,40,Group2
2244,40,Group1
739,40,Group2
3006,40,Group1
242,40,Group1
1723,40,Group2
1467,40,Group2
1965,40,Group1
2962,40,Group2
1124,40,Group1
2319,40,Group2
1647,40,Group1
1469,40,Group2
2065,39,Group1
2211,39,Group2
283,39,Group2
330,39,Group1
2895,39,Group2
1939,39,Group2
2404,39,Group2
740,39,Group2
983,39,Group2
2209,39,Group2
3014,39,Group2
2779,39,Group2
803,39,Group2
909,39,Group1
2919,39,Group2
1136,38,Group1
3052,38,Group2
1874,38,Group1
188,38,Group2
2086,38,Group2
1342,38,Group2
1373,38,Group2
429,38,Group1
2092,38,Group2
1237,38,Group2
1722,38,Group2
2149,38,Group1
2938,38,Group2
1635,37,Group2
2792,37,Group1
2754,37,Group2
110,37,Group1
935,37,Group1
1382,37,Group1
1073,37,Group2
488,37,Group1
855,37,Group2
1022,37,Group2
3124,37,Group1
2599,37,Group1
2503,37,Group1
892,37,Group2
1910,37,Group2
2940,37,Group1
1325,36,Group1
1621,36,Group1
2133,36,Group2
1027,36,Group1
1615,36,Group2
3162,36,Group1
3153,36,Group2
2349,36,Group2
2095,36,Group2
191,36,Group1
2698,36,Group2
241,36,Group2
2570,36,Group1
1927,36,Group1
2290,36,Group1
2777,36,Group2
800,36,Group1
463,35,Group1
1181,35,Group2
2305,35,Group2
1639,35,Group2
2355,35,Group2
2341,35,Group1
1555,35,Group1
950,35,Group1
244,34,Group2
1091,34,Group1
3036,34,Group2
1848,34,Group1
1063,34,Group2
2991,34,Group2
2825,34,Group1
1680,34,Group2
3136,34,Group2
1868,34,Group2
1888,34,Group2
354,33,Group2
2051,33,Group2
3085,33,Group2
2139,33,Group1
223,33,Group1
2697,33,Group2
1196,33,Group1
2670,33,Group2
1844,33,Group2
165,33,Group2
1854,33,Group2
3182,32,Group2
1216,32,Group2
1878,32,Group1
103,32,Group2
2011,32,Group2
2635,32,Group1
2949,32,Group1
1023,32,Group2
2467,32,Group1
1180,32,Group1
2998,32,Group1
2177,32,Group1
417,32,Group1
295,31,Group1
952,31,Group1
2854,31,Group2
1030,31,Group1
1375,31,Group1
2641,31,Group2
313,31,Group2
2558,31,Group2
1523,31,Group2
1231,31,Group2
1983,31,Group1
3087,31,Group1
3063,31,Group2
1362,30,Group2
2616,30,Group2
3189,30,Group2
2284,30,Group2
671,30,Group2
1503,30,Group2
2188,30,Group2
1774,30,Group1
2382,30,Group1
403,30,Group1
2710,30,Group2
124,30,Group1
2751,30,Group2
1053,30,Group2
1137,30,Group2
2420,30,Group1
1638,30,Group1
1507,30,Group2
1078,30,Group1
2848,30,Group2
425,29,Group1
402,29,Group2
1294,29,Group1
2639,29,Group2
2406,29,Group1
2371,29,Group2
2093,29,Group1
588,29,Group1
196,29,Group2
1491,29,Group2
2454,29,Group1
2780,29,Group2
306,29,Group2
981,29,Group2
3020,29,Group2
1524,28,Group2
452,28,Group2
1065,28,Group2
1547,28,Group2
514,28,Group1
1002,28,Group2
1316,28,Group2
2429,28,Group1
3215,28,Group2
1708,28,Group1
2126,28,Group2
2900,28,Group2
1976,28,Group1
2117,28,Group1
659,28,Group2
1447,28,Group2
959,28,Group2
2923,27,Group2
1481,27,Group2
1075,27,Group1
2487,27,Group1
1394,27,Group2
1252,27,Group2
2176,27,Group2
2760,27,Group2
1355,27,Group1
2161,27,Group2
486,27,Group1
3247,27,Group1
655,27,Group2
2232,27,Group2
2295,27,Group1
1119,27,Group1
1925,27,Group1
2662,27,Group2
2650,27,Group1
1140,27,Group2
633,26,Group1
1401,26,Group2
1556,26,Group1
1738,26,Group2
2214,26,Group2
2442,26,Group2
875,26,Group1
2659,26,Group1
13,26,Group1
71,26,Group2
364,26,Group1
2789,26,Group1
2032,26,Group1
1669,26,Group1
181,26,Group2
2726,25,Group1
2557,25,Group2
343,25,Group2
2882,25,Group2
1165,25,Group2
1330,25,Group2
1234,25,Group2
891,25,Group2
1266,25,Group1
2128,25,Group1
1623,25,Group1
212,25,Group2
1695,25,Group1
1909,25,Group1
974,25,Group2
2261,25,Group2
2845,25,Group2
817,25,Group2
2913,25,Group1
2982,25,Group2
834,25,Group2
2520,25,Group2
3051,25,Group2
2278,25,Group2
2379,25,Group2
558,25,Group2
1076,24,Group2
2102,24,Group2
2053,24,Group2
1660,24,Group1
2316,24,Group2
3141,24,Group2
644,24,Group2
1317,24,Group2
2336,24,Group2
2251,24,Group2
2644,24,Group2
2249,24,Group2
1796,24,Group2
2361,24,Group2
3134,24,Group2
2378,24,Group1
1816,24,Group2
2821,24,Group2
1530,24,Group2
1071,24,Group2
517,24,Group2
101,24,Group2
879,24,Group1
1928,24,Group2
1420,24,Group2
257,24,Group2
519,24,Group2
3038,24,Group2
1440,24,Group2
3060,24,Group2
423,23,Group2
1872,23,Group2
1826,23,Group2
1187,23,Group1
2524,23,Group1
111,23,Group1
2026,23,Group2
2649,23,Group2
2933,23,Group2
2742,23,Group2
2788,23,Group1
301,23,Group2
1620,23,Group2
672,23,Group1
1677,23,Group2
1082,23,Group2
2559,23,Group1
3227,23,Group2
2070,23,Group2
3109,23,Group2
2250,23,Group2
840,23,Group2
3165,22,Group2
1111,22,Group1
2784,22,Group2
3148,22,Group1
1086,22,Group2
600,22,Group2
1953,22,Group2
2387,22,Group2
2265,22,Group1
2220,22,Group2
2104,22,Group1
1558,22,Group2
726,22,Group2
1860,22,Group2
434,22,Group2
2458,22,Group2
985,22,Group2
338,22,Group2
904,22,Group2
1055,22,Group2
1264,22,Group1
422,21,Group2
476,21,Group2
1590,21,Group2
2703,21,Group1
2661,21,Group2
1365,21,Group2
2677,21,Group2
394,21,Group2
182,21,Group1
2736,21,Group2
1700,21,Group1
1233,21,Group2
1602,21,Group2
524,21,Group2
997,21,Group1
214,21,Group2
3212,21,Group2
1750,21,Group1
607,21,Group2
1470,21,Group2
100,21,Group2
1100,21,Group2
105,20,Group2
331,20,Group1
773,20,Group2
208,20,Group2
35,20,Group2
1482,20,Group1
864,20,Group2
609,20,Group2
2205,20,Group1
1542,20,Group2
443,20,Group1
2757,20,Group2
2394,20,Group1
172,20,Group1
513,20,Group2
450,20,Group2
2413,20,Group2
482,20,Group1
1693,20,Group2
768,20,Group2
2973,20,Group2
99,20,Group1
2338,20,Group1
1800,20,Group2
2180,20,Group2
806,19,Group1
2431,19,Group2
2374,19,Group2
267,19,Group2
325,19,Group2
302,19,Group2
2903,19,Group1
2829,19,Group1
1135,19,Group2
3121,19,Group2
134,19,Group2
2398,19,Group2
533,19,Group2
1152,19,Group1
943,19,Group2
610,19,Group2
1432,19,Group2
2977,19,Group1
2012,19,Group2
1729,19,Group2
2888,19,Group2
2988,19,Group1
2656,18,Group1
1461,18,Group2
144,18,Group2
2140,18,Group2
755,18,Group2
1462,18,Group2
703,18,Group2
2897,18,Group2
2556,18,Group2
541,18,Group2
2624,18,Group2
2199,18,Group2
55,18,Group1
52,18,Group2
2043,18,Group2
1458,18,Group2
445,18,Group2
2812,18,Group1
2184,18,Group2
1087,18,Group2
1825,18,Group1
748,18,Group2
1097,18,Group2
1138,18,Group2
1107,18,Group1
638,18,Group2
2323,17,Group2
1521,17,Group2
946,17,Group2
2100,17,Group2
2514,17,Group1
732,17,Group2
475,17,Group2
1177,17,Group2
2813,17,Group2
1731,17,Group2
416,17,Group1
2129,17,Group2
3164,17,Group2
1408,17,Group1
1125,17,Group2
1630,17,Group1
2513,17,Group2
2797,17,Group2
166,17,Group2
2699,17,Group2
953,17,Group1
2928,17,Group2
2925,17,Group2
3230,17,Group2
1103,17,Group2
469,17,Group2
473,17,Group1
699,17,Group1
3243,17,Group2
432,16,Group2
246,16,Group1
2157,16,Group2
2544,16,Group1
2421,16,Group1
3075,16,Group2
130,16,Group1
2773,16,Group2
652,16,Group1
1606,16,Group2
2038,16,Group2
2684,16,Group2
2481,16,Group2
405,16,Group2
129,16,Group2
2273,16,Group2
1191,16,Group2
2834,16,Group2
1217,16,Group2
1734,16,Group2
761,16,Group2
1439,16,Group2
1067,16,Group2
1007,16,Group2
147,16,Group2
637,16,Group1
1876,15,Group2
552,15,Group2
1783,15,Group2
400,15,Group2
85,15,Group2
2451,15,Group1
1573,15,Group2
2448,15,Group1
2676,15,Group1
412,15,Group2
563,15,Group1
2449,15,Group2
235,15,Group2
3191,15,Group1
883,15,Group2
207,15,Group2
1206,15,Group2
772,15,Group2
3183,15,Group2
1230,15,Group2
845,15,Group2
1238,15,Group2
1286,15,Group2
169,15,Group2
1535,15,Group1
2307,15,Group1
2325,15,Group1
730,15,Group2
668,15,Group2
459,15,Group2
2727,15,Group2
579,15,Group2
438,15,Group2
3159,15,Group1
2327,15,Group2
1637,15,Group2
1497,15,Group2
1634,14,Group2
1971,14,Group1
996,14,Group2
1110,14,Group2
673,14,Group1
1132,14,Group2
2475,14,Group2
278,14,Group2
2034,14,Group2
1941,14,Group1
546,14,Group2
2959,14,Group2
963,14,Group2
522,14,Group2
545,14,Group2
1787,14,Group2
3204,14,Group2
431,14,Group2
2466,14,Group2
560,14,Group2
1293,14,Group2
1882,14,Group2
2296,14,Group2
2598,14,Group2
1753,14,Group2
2772,14,Group2
2256,14,Group2
3229,14,Group2
1943,14,Group2
2582,14,Group1
1873,14,Group2
1157,14,Group2
2463,14,Group1
2452,14,Group2
570,14,Group2
2158,14,Group2
2470,14,Group2
3027,14,Group2
2880,14,Group2
1748,14,Group2
3077,14,Group2
3168,14,Group2
645,13,Group2
501,13,Group2
3074,13,Group2
29,13,Group1
2346,13,Group2
2262,13,Group2
2783,13,Group2
1257,13,Group2
905,13,Group2
611,13,Group2
1934,13,Group2
3010,13,Group2
2716,13,Group2
2072,13,Group1
2553,13,Group2
2898,13,Group2
3115,13,Group1
291,13,Group2
2474,13,Group2
1129,13,Group2
376,13,Group1
1742,13,Group1
833,13,Group1
1808,13,Group2
3175,13,Group1
842,13,Group1
574,13,Group2
2620,13,Group2
316,13,Group2
1012,13,Group2
603,13,Group1
2308,13,Group2
3056,13,Group2
3112,13,Group2
1074,13,Group2
1969,13,Group2
663,13,Group2
2538,13,Group2
3003,13,Group2
40,13,Group1
228,13,Group2
2059,13,Group2
538,13,Group1
495,12,Group2
281,12,Group2
844,12,Group2
900,12,Group2
3086,12,Group2
1092,12,Group1
793,12,Group2
367,12,Group2
435,12,Group2
91,12,Group1
1954,12,Group2
1389,12,Group2
3206,12,Group1
1922,12,Group2
1993,12,Group2
1158,12,Group2
2615,12,Group2
751,12,Group1
2924,12,Group2
1940,12,Group2
2606,12,Group2
2622,12,Group2
1643,12,Group1
1068,12,Group1
2036,12,Group1
3171,12,Group2
1566,12,Group2
539,12,Group2
2868,12,Group2
1900,12,Group2
3078,12,Group2
1880,12,Group2
3194,11,Group1
2412,11,Group2
955,11,Group2
587,11,Group1
2643,11,Group2
601,11,Group2
1576,11,Group2
419,11,Group2
2064,11,Group2
332,11,Group2
2566,11,Group2
888,11,Group2
2303,11,Group2
1831,11,Group2
2546,11,Group2
350,11,Group2
2204,11,Group2
2101,11,Group2
2226,11,Group2
947,11,Group2
653,11,Group2
2539,11,Group2
276,11,Group2
2108,11,Group1
2664,11,Group1
1037,11,Group2
33,11,Group1
2078,11,Group2
1084,11,Group2
907,11,Group2
2853,11,Group2
2847,11,Group1
1154,11,Group2
1172,10,Group2
515,10,Group2
280,10,Group2
2883,10,Group2
1841,10,Group2
516,10,Group1
1788,10,Group2
1114,10,Group1
1422,10,Group2
145,10,Group2
859,10,Group1
3053,10,Group2
1551,10,Group2
526,10,Group2
2827,10,Group2
484,10,Group2
862,10,Group1
2785,10,Group2
650,10,Group1
2733,10,Group2
151,10,Group2
1256,10,Group2
2658,10,Group2
2734,10,Group1
1852,10,Group2
2975,10,Group2
510,10,Group2
2673,10,Group2
851,10,Group1
1416,10,Group2
247,10,Group2
2254,10,Group2
2132,10,Group2
2885,10,Group2
1280,10,Group1
2114,10,Group2
1061,10,Group1
1766,10,Group2
2718,10,Group2
1714,10,Group2
3242,10,Group2
1850,10,Group2
941,10,Group2
88,10,Group1
1341,10,Group2
1480,10,Group2
3251,10,Group2
2590,10,Group2
2905,9,Group2
2112,9,Group2
2543,9,Group2
2537,9,Group2
1586,9,Group2
2891,9,Group2
1003,9,Group2
499,9,Group2
2835,9,Group2
2282,9,Group1
1433,9,Group2
98,9,Group2
2146,9,Group2
1031,9,Group2
2963,9,Group2
2800,9,Group2
2575,9,Group1
2802,9,Group2
2526,9,Group2
2197,9,Group1
1455,9,Group1
1011,9,Group2
926,9,Group2
219,9,Group2
1685,9,Group2
2832,9,Group2
776,9,Group2
598,9,Group1
185,9,Group2
391,9,Group2
256,9,Group2
1540,9,Group2
1182,9,Group2
1947,9,Group2
1761,9,Group2
2479,9,Group2
322,9,Group2
1898,9,Group2
1901,9,Group2
1570,9,Group2
2501,9,Group2
3137,9,Group2
2691,9,Group2
2399,9,Group1
2018,9,Group2
140,9,Group2
3007,9,Group2
1489,9,Group2
2958,9,Group2
3040,9,Group2
3218,9,Group2
3080,9,Group2
1384,8,Group2
622,8,Group2
285,8,Group2
1937,8,Group2
733,8,Group2
2771,8,Group2
26,8,Group1
1859,8,Group2
2054,8,Group2
702,8,Group2
175,8,Group2
2948,8,Group2
613,8,Group2
2491,8,Group2
1536,8,Group2
3140,8,Group2
1884,8,Group2
1332,8,Group2
995,8,Group2
1747,8,Group2
483,8,Group2
2631,8,Group2
1335,8,Group2
2819,8,Group1
2904,8,Group2
2562,8,Group2
1345,8,Group2
1528,8,Group2
433,8,Group2
2601,8,Group2
1785,8,Group2
310,8,Group2
104,8,Group2
2432,8,Group2
2085,8,Group2
2267,8,Group2
2713,8,Group2
2301,8,Group2
2565,8,Group1
789,8,Group2
1284,8,Group2
3232,8,Group1
2515,8,Group2
698,8,Group2
1913,8,Group1
2231,8,Group2
2405,8,Group2
940,8,Group2
2995,8,Group2
2912,8,Group2
2187,8,Group1
1791,8,Group2
749,8,Group2
1441,8,Group2
478,8,Group2
401,8,Group2
2000,8,Group2
551,8,Group2
567,8,Group2
461,8,Group2
729,8,Group2
131,8,Group2
308,8,Group2
841,8,Group2
1560,8,Group2
1281,8,Group1
877,8,Group2
2871,8,Group2
1099,8,Group2
798,8,Group1
1069,8,Group1
837,8,Group2
1199,8,Group2
1028,8,Group2
1289,8,Group1
807,8,Group2
2869,8,Group2
938,8,Group2
1267,8,Group2
274,7,Group2
2932,7,Group2
1646,7,Group1
2050,7,Group2
1853,7,Group2
2961,7,Group2
2425,7,Group2
988,7,Group2
374,7,Group2
3002,7,Group2
2806,7,Group2
2859,7,Group2
1603,7,Group2
3091,7,Group2
2675,7,Group2
1147,7,Group2
2324,7,Group2
3102,7,Group2
66,7,Group2
2060,7,Group2
523,7,Group2
1381,7,Group2
1975,7,Group1
1058,7,Group2
293,7,Group2
1982,7,Group2
356,7,Group2
239,7,Group1
753,7,Group2
161,7,Group2
1805,7,Group2
747,7,Group2
763,7,Group2
1952,7,Group2
886,7,Group2
2310,7,Group2
853,7,Group2
31,7,Group2
1235,7,Group2
1198,7,Group2
863,7,Group2
1892,7,Group2
3196,7,Group2
379,7,Group2
893,7,Group2
381,7,Group2
1205,7,Group2
667,7,Group2
2953,7,Group2
1162,7,Group1
3026,7,Group2
1260,7,Group2
3043,7,Group2
491,7,Group2
125,7,Group2
418,7,Group2
3223,7,Group2
792,7,Group2
2836,7,Group1
1609,7,Group2
685,7,Group2
1921,7,Group1
467,7,Group2
372,7,Group2
1170,7,Group2
2041,7,Group2
2808,7,Group2
292,7,Group2
3130,7,Group2
2581,7,Group2
277,7,Group2
2831,7,Group2
2178,7,Group1
2681,7,Group2
2287,7,Group2
2347,7,Group1
2527,7,Group2
1717,7,Group1
1397,7,Group1
2017,7,Group2
3157,7,Group2
1804,6,Group2
12,6,Group1
2916,6,Group1
1269,6,Group2
933,6,Group2
1651,6,Group2
65,6,Group2
2148,6,Group2
1974,6,Group2
722,6,Group2
2986,6,Group2
3110,6,Group2
1223,6,Group2
3071,6,Group2
795,6,Group2
2227,6,Group1
314,6,Group2
852,6,Group2
1096,6,Group2
819,6,Group2
303,6,Group2
2981,6,Group2
1675,6,Group2
1568,6,Group2
1184,6,Group2
1712,6,Group2
586,6,Group2
2980,6,Group1
43,6,Group1
2951,6,Group2
1465,6,Group2
227,6,Group2
1324,6,Group2
3032,6,Group2
296,6,Group2
2849,6,Group2
93,6,Group2
1918,6,Group1
2385,6,Group2
2850,6,Group2
1474,6,Group1
387,6,Group2
2106,6,Group2
3249,6,Group2
1713,6,Group1
528,6,Group2
2335,6,Group2
1270,6,Group2
2944,6,Group2
497,6,Group2
1386,6,Group1
760,6,Group2
2343,6,Group2
48,6,Group2
2255,6,Group2
2030,6,Group2
3034,6,Group2
1398,6,Group2
1746,6,Group2
1308,6,Group2
3064,6,Group1
808,6,Group2
2855,6,Group2
1836,6,Group2
1721,5,Group2
2183,5,Group2
1409,5,Group2
2445,5,Group1
1902,5,Group2
2934,5,Group2
487,5,Group2
1736,5,Group2
2561,5,Group2
1013,5,Group2
1770,5,Group2
2735,5,Group2
1812,5,Group2
2974,5,Group2
828,5,Group2
646,5,Group2
2131,5,Group2
2984,5,Group2
1789,5,Group2
1795,5,Group2
2222,5,Group2
984,5,Group2
187,5,Group2
346,5,Group1
701,5,Group2
874,5,Group2
2340,5,Group2
1775,5,Group2
312,5,Group2
464,5,Group2
1428,5,Group2
1296,5,Group2
361,5,Group2
704,5,Group2
2809,5,Group2
775,5,Group2
202,5,Group2
1924,5,Group2
2367,5,Group1
836,5,Group2
1361,5,Group2
1604,5,Group2
2190,5,Group2
1105,5,Group2
1261,5,Group2
1744,5,Group2
618,5,Group2
856,5,Group2
2630,5,Group2
2874,5,Group2
2707,5,Group2
365,5,Group2
700,5,Group2
3176,5,Group2
2058,5,Group2
1040,5,Group2
1577,5,Group2
1320,5,Group2
1478,5,Group2
1130,5,Group2
3167,5,Group2
3240,5,Group2
1778,5,Group2
2218,5,Group2
2368,5,Group1
2328,5,Group2
2768,5,Group1
2828,5,Group2
743,4,Group2
562,4,Group2
355,4,Group2
2189,4,Group2
2634,4,Group2
421,4,Group2
2926,4,Group2
3047,4,Group2
2793,4,Group2
872,4,Group2
1035,4,Group2
3000,4,Group2
2614,4,Group2
1421,4,Group2
816,4,Group2
2878,4,Group2
1613,4,Group2
1752,4,Group2
1885,4,Group2
1619,4,Group2
2574,4,Group2
1891,4,Group2
426,4,Group2
3057,4,Group1
1463,4,Group1
3181,4,Group2
1445,4,Group2
640,4,Group2
2334,4,Group2
3128,4,Group2
436,4,Group2
1679,4,Group1
2294,4,Group2
1757,4,Group2
1395,4,Group1
2450,4,Group2
2504,4,Group2
3208,4,Group2
1436,4,Group2
949,4,Group2
1584,4,Group2
1687,4,Group1
1405,4,Group2
349,4,Group2
1904,4,Group2
2708,4,Group2
2096,4,Group2
2969,4,Group2
664,4,Group1
1957,4,Group2
3135,4,Group2
2438,4,Group2
504,4,Group2
2817,4,Group2
2066,4,Group2
1648,4,Group1
84,4,Group2
2277,4,Group2
2486,4,Group2
1508,4,Group1
14,4,Group2
217,4,Group2
2766,4,Group1
1208,4,Group2
934,4,Group2
117,4,Group2
1434,4,Group2
958,4,Group2
1204,4,Group2
687,4,Group2
3214,4,Group2
1197,4,Group2
1387,4,Group2
3145,3,Group2
1842,3,Group2
2033,3,Group2
1510,3,Group2
2796,3,Group2
2081,3,Group2
3114,3,Group2
758,3,Group2
1745,3,Group2
2142,3,Group2
2483,3,Group2
449,3,Group2
2376,3,Group2
661,3,Group2
1484,3,Group2
507,3,Group2
1855,3,Group2
2722,3,Group1
2613,3,Group2
1400,3,Group2
2006,3,Group2
271,3,Group2
1374,3,Group2
1348,3,Group2
1835,3,Group1
1062,3,Group2
2283,3,Group2
649,3,Group2
1856,3,Group2
41,3,Group2
754,3,Group2
287,3,Group2
2655,3,Group1
1412,3,Group2
2403,3,Group2
620,3,Group2
1946,3,Group2
801,3,Group1
534,3,Group2
1358,3,Group2
2555,3,Group2
492,3,Group2
1243,3,Group2
199,3,Group2
506,3,Group2
362,3,Group2
1514,3,Group2
2317,3,Group2
2605,3,Group2
200,3,Group2
3193,3,Group2
568,3,Group2
186,3,Group2
759,3,Group2
2484,3,Group2
2837,3,Group2
2285,3,Group2
1160,3,Group2
2444,3,Group2
8,3,Group2
156,3,Group2
1379,3,Group2
2584,3,Group2
2647,3,Group2
1255,3,Group2
1249,3,Group2
2764,3,Group2
1698,3,Group2
3156,3,Group2
1189,3,Group2
665,3,Group2
2587,3,Group2
1629,3,Group2
2098,3,Group2
1889,3,Group2
1987,3,Group2
1999,3,Group2
2418,3,Group2
2289,3,Group2
1697,3,Group2
2519,3,Group2
2388,3,Group2
2619,3,Group2
1597,3,Group2
2588,3,Group2
1517,3,Group1
3158,3,Group1
3068,3,Group2
2978,3,Group2
3123,2,Group1
561,2,Group2
2826,2,Group2
720,2,Group2
2274,2,Group2
532,2,Group2
1275,2,Group1
1777,2,Group2
1253,2,Group2
2621,2,Group2
116,2,Group2
2259,2,Group2
1984,2,Group2
1112,2,Group2
2345,2,Group2
3178,2,Group2
1213,2,Group2
2651,2,Group2
456,2,Group2
300,2,Group2
2134,2,Group2
992,2,Group2
2695,2,Group2
2567,2,Group2
393,2,Group2
2861,2,Group2
616,2,Group2
1649,2,Group2
554,2,Group2
932,2,Group2
1935,2,Group2
3198,2,Group2
143,2,Group2
822,2,Group2
966,2,Group2
2330,2,Group2
564,2,Group1
2842,2,Group2
2025,2,Group2
2717,2,Group2
203,2,Group2
2552,2,Group2
1156,2,Group2
1549,2,Group2
604,2,Group2
2162,2,Group2
3235,2,Group2
2498,2,Group2
1473,2,Group2
2172,2,Group2
1516,2,Group2
2730,2,Group2
714,2,Group2
2422,2,Group2
2426,2,Group2
157,2,Group2
154,2,Group2
1772,2,Group2
2306,2,Group2
1279,2,Group2
744,2,Group2
1452,2,Group2
1444,2,Group2
2778,2,Group1
719,2,Group2
3067,2,Group2
189,2,Group2
1998,2,Group2
319,2,Group2
3217,2,Group2
1628,2,Group2
2937,2,Group2
258,2,Group2
508,2,Group2
1048,2,Group2
2865,1,Group2
1991,1,Group1
1673,1,Group2
2610,1,Group1
1376,1,Group2
2322,1,Group2
584,1,Group2
2997,1,Group1
1595,1,Group2
1871,1,Group2
2423,1,Group2
629,1,Group1
956,1,Group2
2692,1,Group2
424,1,Group2
1258,1,Group2
2805,1,Group2
451,1,Group2
2233,1,Group2
1760,1,Group2
2946,1,Group2
882,1,Group2
2044,1,Group2
377,1,Group2
135,1,Group2
861,1,Group2
2153,1,Group2
399,1,Group2
2996,1,Group2
1242,1,Group2
2173,1,Group2
1758,1,Group2
155,1,Group1
1102,1,Group2
2593,1,Group1
820,1,Group2
3226,1,Group1
1352,1,Group2
163,1,Group2
597,1,Group2
1203,1,Group2
1312,1,Group2
1333,1,Group2
1559,1,Group2
1033,1,Group2
1272,1,Group2
913,1,Group2
1838,1,Group2
632,1,Group1
1390,1,Group2
62,1,Group2
2857,1,Group2
3122,1,Group2
2159,1,Group2
3222,1,Group2
2508,1,Group2
2359,1,Group2
2247,1,Group2
2569,1,Group2
3088,1,Group2
2749,1,Group2
3098,1,Group2
3009,1,Group2
2838,1,Group2
3199,1,Group2
