id,received_requests,user_group
1,4100,Group1
2,3172,Group1
3,2136,Group1
4,1809,Group1
5,1754,Group1
6,1550,Group1
7,1541,Group1
8,1207,Group1
9,1204,Group1
10,1099,Group1
11,990,Group1
12,979,Group1
13,976,Group1
14,952,Group1
15,902,Group2
16,825,Group1
17,822,Group2
18,804,Group1
19,793,Group2
20,788,Group2
21,768,Group2
22,765,Group1
23,758,Group1
24,733,Group1
25,712,Group1
26,704,Group1
27,694,Group1
28,677,Group1
29,669,Group2
30,668,Group1
31,665,Group1
32,652,Group1
33,638,Group1
34,607,Group1
35,601,Group1
36,573,Group1
37,573,Group1
38,566,Group1
39,560,Group1
40,555,Group1
41,549,Group1
42,541,Group2
43,529,Group1
44,524,Group1
45,523,Group1
46,518,Group1
47,507,Group1
48,499,Group1
49,478,Group1
50,464,Group1
51,445,Group2
52,443,Group1
53,442,Group1
54,439,Group2
55,437,Group1
56,429,Group1
57,423,Group1
58,414,Group2
59,407,Group1
60,406,Group1
61,400,Group1
62,387,Group1
63,383,Group1
64,380,Group1
65,377,Group1
66,367,Group2
67,362,Group1
68,360,Group1
69,357,Group1
70,354,Group1
71,354,Group2
72,353,Group1
73,352,Group1
74,352,Group1
75,346,Group1
76,331,Group1
77,328,Group1
78,322,Group2
79,316,Group1
80,315,Group1
81,312,Group1
82,311,Group2
83,311,Group1
84,308,Group1
85,306,Group1
86,305,Group1
87,304,Group2
88,304,Group2
89,303,Group2
90,301,Group2
91,297,Group1
92,297,Group1
93,292,Group1
94,292,Group2
95,292,Group1
96,289,Group1
97,288,Group1
98,284,Group1
99,284,Group1
100,280,Group1
101,279,Group1
102,276,Group1
103,272,Group1
104,271,Group1
105,271,Group1
106,270,Group1
107,270,Group1
108,270,Group1
109,268,Group1
110,267,Group1
111,266,Group1
112,263,Group1
113,262,Group1
114,252,Group1
115,252,Group1
116,252,Group1
117,252,Group1
118,249,Group2
119,246,Group1
120,240,Group1
121,239,Group1
122,237,Group2
123,236,Group2
124,234,Group2
125,233,Group2
126,231,Group1
127,229,Group1
128,228,Group1
129,227,Group2
130,227,Group1
131,224,Group1
132,222,Group1
133,218,Group1
134,218,Group1
135,217,Group1
136,213,Group1
137,212,Group1
138,212,Group1
139,211,Group1
140,211,Group1
141,207,Group1
142,202,Group1
143,200,Group1
144,199,Group1
145,198,Group2
146,197,Group1
147,197,Group1
148,194,Group2
149,193,Group1
150,191,Group1
151,191,Group1
152,189,Group1
153,186,Group2
154,185,Group1
155,185,Group1
156,184,Group1
157,184,Group1
158,182,Group1
159,181,Group2
160,180,Group2
161,180,Group1
162,178,Group1
163,177,Group1
164,177,Group1
165,176,Group1
166,175,Group1
167,175,Group1
168,174,Group1
169,174,Group1
170,174,Group2
171,173,Group1
172,173,Group1
173,170,Group1
174,169,Group1
175,169,Group1
176,168,Group2
177,167,Group1
178,165,Group1
179,164,Group1
180,162,Group1
181,162,Group1
182,162,Group2
183,161,Group1
184,160,Group1
185,159,Group2
186,156,Group1
187,155,Group2
188,155,Group2
189,154,Group1
190,154,Group1
191,152,Group1
192,152,Group1
193,150,Group1
194,149,Group1
195,148,Group1
196,148,Group1
197,146,Group1
198,144,Group2
199,143,Group2
200,143,Group2
201,139,Group1
202,138,Group1
203,138,Group1
204,135,Group1
205,134,Group1
206,134,Group1
207,134,Group2
208,133,Group1
209,133,Group1
210,133,Group2
211,132,Group1
212,131,Group1
213,131,Group1
214,130,Group1
215,129,Group1
216,128,Group1
217,128,Group1
218,127,Group1
219,127,Group2
220,127,Group1
221,127,Group1
222,126,Group1
223,126,Group2
224,125,Group1
225,125,Group1
226,125,Group1
227,124,Group1
228,124,Group2
229,123,Group1
230,122,Group1
231,122,Group1
232,122,Group1
233,121,Group2
234,120,Group1
235,120,Group2
236,119,Group1
237,119,Group1
238,117,Group1
239,116,Group1
240,116,Group2
241,114,Group2
242,114,Group1
243,113,Group1
244,113,Group1
245,113,Group1
246,112,Group2
247,112,Group1
248,111,Group1
249,111,Group1
250,111,Group2
251,110,Group1
252,110,Group1
253,110,Group1
254,110,Group1
255,107,Group1
256,107,Group1
257,107,Group2
258,106,Group1
259,106,Group1
260,106,Group2
261,106,Group1
262,106,Group1
263,105,Group1
264,105,Group2
265,104,Group1
266,104,Group1
267,103,Group2
268,103,Group1
269,103,Group1
270,103,Group1
271,102,Group1
272,102,Group1
273,102,Group1
274,102,Group1
275,101,Group2
276,101,Group1
277,101,Group1
278,100,Group1
279,100,Group1
280,100,Group1
281,100,Group1
282,99,Group1
283,98,Group1
284,98,Group2
285,98,Group1
286,98,Group1
287,98,Group1
288,98,Group1
289,97,Group1
290,97,Group1
291,95,Group1
292,93,Group1
293,93,Group1
294,92,Group1
295,92,Group1
296,91,Group1
297,91,Group1
298,91,Group1
299,90,Group1
300,90,Group1
301,90,Group1
302,90,Group1
303,90,Group1
304,89,Group1
305,89,Group1
306,89,Group1
307,89,Group2
308,89,Group2
309,89,Group2
310,88,Group1
311,88,Group1
312,88,Group2
313,87,Group1
314,86,Group1
315,85,Group2
316,85,Group1
317,85,Group2
318,85,Group1
319,85,Group1
320,85,Group2
321,84,Group1
322,83,Group1
323,83,Group1
324,83,Group1
325,82,Group1
326,82,Group1
327,82,Group1
328,82,Group1
329,81,Group2
330,81,Group1
331,81,Group1
332,81,Group1
333,80,Group1
334,80,Group1
335,80,Group1
336,80,Group1
337,79,Group1
338,79,Group1
339,79,Group1
340,79,Group1
341,78,Group1
342,77,Group1
343,77,Group1
344,77,Group1
345,77,Group1
346,77,Group1
347,76,Group1
348,76,Group2
349,75,Group1
350,75,Group1
351,75,Group1
352,75,Group1
353,75,Group1
354,74,Group1
355,74,Group1
356,74,Group2
357,74,Group1
358,73,Group1
359,73,Group1
360,73,Group2
361,73,Group2
362,73,Group1
363,72,Group2
364,72,Group1
365,72,Group1
366,72,Group1
367,71,Group1
368,71,Group1
369,71,Group1
370,71,Group1
371,70,Group1
372,70,Group1
373,70,Group1
374,70,Group1
375,70,Group1
376,70,Group1
377,69,Group2
378,69,Group1
379,69,Group1
380,69,Group1
381,69,Group1
382,68,Group1
383,68,Group1
384,68,Group1
385,68,Group1
386,68,Group1
387,68,Group1
388,67,Group1
389,67,Group1
390,67,Group2
391,66,Group1
392,66,Group1
393,66,Group1
394,66,Group1
395,66,Group2
396,65,Group1
397,65,Group1
398,65,Group1
399,65,Group1
400,64,Group1
401,64,Group1
402,64,Group1
403,64,Group1
404,64,Group1
405,63,Group1
406,63,Group1
407,63,Group1
408,63,Group1
409,62,Group1
410,61,Group2
411,61,Group1
412,61,Group1
413,61,Group1
414,61,Group1
415,61,Group1
416,60,Group1
417,60,Group1
418,60,Group2
419,60,Group1
420,60,Group2
421,60,Group1
422,59,Group1
423,59,Group2
424,59,Group1
425,59,Group1
426,59,Group1
427,58,Group1
428,58,Group1
429,58,Group1
430,57,Group1
431,57,Group1
432,57,Group1
433,57,Group1
434,57,Group1
435,57,Group1
436,57,Group2
437,57,Group1
438,57,Group1
439,56,Group1
440,56,Group1
441,56,Group1
442,56,Group1
443,56,Group1
444,56,Group1
445,56,Group1
446,56,Group1
447,56,Group1
448,56,Group1
449,56,Group1
450,55,Group1
451,55,Group2
452,55,Group1
453,55,Group1
454,55,Group2
455,54,Group1
456,54,Group2
457,54,Group1
458,54,Group1
459,54,Group1
460,53,Group1
461,53,Group1
462,53,Group1
463,53,Group1
464,53,Group1
465,53,Group1
466,53,Group1
467,53,Group1
468,53,Group2
469,53,Group1
470,53,Group1
471,53,Group1
472,53,Group2
473,52,Group1
474,52,Group1
475,52,Group1
476,52,Group2
477,52,Group1
478,52,Group2
479,52,Group1
480,51,Group2
481,51,Group2
482,51,Group1
483,51,Group1
484,50,Group1
485,50,Group1
486,50,Group1
487,50,Group1
488,50,Group2
489,50,Group1
490,50,Group1
491,50,Group1
492,50,Group2
493,50,Group1
494,49,Group2
495,49,Group1
496,49,Group2
497,49,Group1
498,49,Group1
499,49,Group1
500,49,Group2
501,49,Group1
502,49,Group1
503,48,Group2
504,48,Group1
505,48,Group1
506,48,Group1
507,48,Group1
508,48,Group1
509,48,Group2
510,48,Group1
511,47,Group2
512,47,Group1
513,47,Group1
514,47,Group1
515,47,Group1
516,47,Group1
517,47,Group2
518,47,Group1
519,47,Group1
520,47,Group1
521,47,Group1
522,47,Group1
523,46,Group1
524,46,Group1
525,46,Group1
526,46,Group2
527,46,Group1
528,46,Group2
529,45,Group2
530,45,Group1
531,45,Group2
532,45,Group1
533,45,Group1
534,45,Group1
535,45,Group1
536,44,Group2
537,44,Group1
538,44,Group1
539,44,Group2
540,44,Group2
541,44,Group2
542,44,Group2
543,44,Group1
544,44,Group1
545,44,Group1
546,43,Group1
547,43,Group1
548,43,Group1
549,43,Group1
550,43,Group1
551,43,Group1
552,43,Group2
553,43,Group1
554,43,Group1
555,43,Group1
556,42,Group1
557,42,Group2
558,42,Group1
559,42,Group1
560,42,Group1
561,42,Group1
562,42,Group2
563,42,Group1
564,41,Group1
565,41,Group1
566,41,Group1
567,41,Group1
568,41,Group1
569,41,Group1
570,41,Group1
571,41,Group1
572,41,Group2
573,41,Group1
574,41,Group1
575,41,Group1
576,40,Group1
577,40,Group1
578,40,Group2
579,40,Group1
580,40,Group2
581,40,Group2
582,40,Group1
583,40,Group1
584,40,Group1
585,39,Group1
586,39,Group1
587,39,Group2
588,39,Group1
589,39,Group1
590,39,Group1
591,39,Group1
592,39,Group1
593,39,Group2
594,39,Group2
595,39,Group1
596,39,Group1
597,39,Group1
598,38,Group1
599,38,Group1
600,38,Group1
601,38,Group1
602,38,Group1
603,38,Group1
604,38,Group2
605,38,Group1
606,38,Group1
607,38,Group1
608,38,Group1
609,38,Group1
610,37,Group1
611,37,Group1
612,37,Group1
613,37,Group1
614,37,Group1
615,37,Group1
616,37,Group1
617,37,Group1
618,37,Group1
619,37,Group1
620,37,Group1
621,37,Group2
622,37,Group1
623,37,Group2
624,37,Group1
625,37,Group1
626,37,Group1
627,36,Group2
628,36,Group1
629,36,Group2
630,36,Group1
631,36,Group1
632,36,Group1
633,36,Group1
634,36,Group2
635,35,Group1
636,35,Group1
637,35,Group1
638,35,Group1
639,35,Group1
640,35,Group2
641,35,Group1
642,35,Group2
643,35,Group1
644,35,Group2
645,35,Group1
646,35,Group1
647,35,Group1
648,34,Group2
649,34,Group1
650,34,Group1
651,34,Group1
652,34,Group2
653,34,Group1
654,33,Group2
655,33,Group1
656,33,Group2
657,33,Group1
658,33,Group1
659,33,Group1
660,33,Group1
661,33,Group2
662,33,Group1
663,33,Group1
664,33,Group2
665,33,Group2
666,33,Group1
667,33,Group1
668,33,Group2
669,32,Group2
670,32,Group1
671,32,Group2
672,32,Group1
673,32,Group1
674,32,Group1
675,32,Group1
676,32,Group1
677,32,Group1
678,32,Group1
679,32,Group1
680,32,Group2
681,32,Group1
682,32,Group2
683,32,Group2
684,32,Group1
685,31,Group1
686,31,Group1
687,31,Group1
688,31,Group1
689,31,Group1
690,31,Group1
691,31,Group1
692,31,Group2
693,31,Group1
694,31,Group1
695,31,Group1
696,31,Group1
697,31,Group2
698,31,Group1
699,31,Group1
700,31,Group1
701,31,Group1
702,31,Group2
703,31,Group1
704,31,Group1
705,30,Group1
706,30,Group1
707,30,Group1
708,30,Group1
709,30,Group1
710,30,Group1
711,30,Group1
712,30,Group1
713,30,Group2
714,30,Group1
715,30,Group1
716,30,Group1
717,30,Group1
718,29,Group1
719,29,Group2
720,29,Group1
721,29,Group1
722,29,Group2
723,29,Group1
724,29,Group1
725,29,Group1
726,29,Group1
727,28,Group1
728,28,Group2
729,28,Group1
730,28,Group2
731,28,Group1
732,28,Group1
733,28,Group2
734,28,Group2
735,28,Group2
736,28,Group1
737,28,Group2
738,28,Group2
739,28,Group1
740,27,Group2
741,27,Group1
742,27,Group1
743,27,Group1
744,27,Group2
745,27,Group1
746,27,Group1
747,27,Group1
748,27,Group1
749,27,Group1
750,27,Group1
751,27,Group1
752,27,Group1
753,27,Group1
754,27,Group1
755,27,Group2
756,27,Group2
757,27,Group2
758,27,Group1
759,27,Group2
760,27,Group1
761,27,Group1
762,27,Group2
763,26,Group2
764,26,Group2
765,26,Group1
766,26,Group2
767,26,Group1
768,26,Group1
769,26,Group1
770,26,Group1
771,26,Group1
772,26,Group1
773,26,Group1
774,26,Group1
775,26,Group1
776,26,Group2
777,26,Group1
778,26,Group1
779,26,Group2
780,26,Group1
781,26,Group2
782,26,Group1
783,26,Group1
784,25,Group1
785,25,Group2
786,25,Group1
787,25,Group2
788,25,Group1
789,25,Group2
790,25,Group1
791,25,Group1
792,25,Group1
793,25,Group1
794,25,Group2
795,25,Group2
796,25,Group1
797,25,Group2
798,25,Group2
799,25,Group1
800,25,Group2
801,25,Group2
802,25,Group1
803,25,Group1
804,24,Group2
805,24,Group2
806,24,Group1
807,24,Group1
808,24,Group1
809,24,Group2
810,24,Group1
811,24,Group2
812,24,Group1
813,24,Group1
814,24,Group1
815,24,Group1
816,24,Group2
817,24,Group1
818,24,Group1
819,24,Group2
820,24,Group1
821,24,Group1
822,24,Group2
823,24,Group1
824,24,Group2
825,24,Group1
826,24,Group2
827,24,Group1
828,24,Group1
829,23,Group2
830,23,Group2
831,23,Group2
832,23,Group1
833,23,Group1
834,23,Group1
835,23,Group2
836,23,Group2
837,23,Group2
838,23,Group1
839,23,Group2
840,23,Group1
841,23,Group2
842,23,Group1
843,23,Group1
844,23,Group1
845,23,Group1
846,23,Group1
847,22,Group1
848,22,Group2
849,22,Group1
850,22,Group1
851,22,Group1
852,22,Group2
853,22,Group1
854,22,Group2
855,22,Group2
856,22,Group2
857,22,Group1
858,22,Group1
859,22,Group1
860,22,Group1
861,22,Group1
862,22,Group1
863,22,Group1
864,21,Group2
865,21,Group1
866,21,Group1
867,21,Group1
868,21,Group2
869,21,Group1
870,21,Group1
871,21,Group1
872,21,Group1
873,21,Group2
874,21,Group2
875,21,Group1
876,21,Group1
877,21,Group1
878,21,Group1
879,21,Group1
880,21,Group1
881,21,Group1
882,21,Group1
883,21,Group1
884,21,Group2
885,21,Group1
886,21,Group2
887,21,Group1
888,21,Group2
889,21,Group1
890,21,Group2
891,21,Group1
892,21,Group1
893,21,Group1
894,21,Group1
895,20,Group1
896,20,Group1
897,20,Group1
898,20,Group2
899,20,Group1
900,20,Group1
901,20,Group1
902,20,Group1
903,20,Group1
904,20,Group2
905,20,Group1
906,20,Group1
907,20,Group2
908,20,Group1
909,20,Group1
910,20,Group2
911,20,Group1
912,20,Group1
913,19,Group2
914,19,Group1
915,19,Group2
916,19,Group1
917,19,Group1
918,19,Group1
919,19,Group1
920,19,Group1
921,19,Group1
922,19,Group2
923,19,Group1
924,19,Group1
925,19,Group1
926,19,Group2
927,19,Group1
928,19,Group2
929,19,Group1
930,19,Group2
931,19,Group1
932,19,Group1
933,19,Group1
934,19,Group2
935,19,Group2
936,19,Group1
937,19,Group1
938,19,Group2
939,19,Group1
940,19,Group2
941,19,Group2
942,19,Group1
943,19,Group1
944,18,Group2
945,18,Group2
946,18,Group2
947,18,Group2
948,18,Group1
949,18,Group2
950,18,Group2
951,18,Group1
952,18,Group1
953,18,Group1
954,18,Group2
955,18,Group2
956,18,Group1
957,18,Group1
958,18,Group2
959,18,Group1
960,18,Group1
961,18,Group1
962,18,Group2
963,18,Group1
964,18,Group1
965,18,Group2
966,18,Group2
967,18,Group2
968,18,Group2
969,18,Group2
970,18,Group1
971,18,Group2
972,18,Group2
973,18,Group1
974,18,Group2
975,18,Group1
976,17,Group1
977,17,Group1
978,17,Group1
979,17,Group1
980,17,Group1
981,17,Group2
982,17,Group1
983,17,Group2
984,17,Group2
985,17,Group1
986,17,Group2
987,17,Group2
988,17,Group1
989,17,Group1
990,17,Group1
991,17,Group2
992,17,Group2
993,17,Group2
994,17,Group2
995,17,Group2
996,17,Group2
997,17,Group2
998,17,Group1
999,17,Group1
1000,17,Group2
1001,17,Group2
1002,17,Group2
1003,17,Group1
1004,17,Group1
1005,17,Group1
1006,17,Group2
1007,17,Group2
1008,17,Group2
1009,17,Group2
1010,17,Group1
1011,17,Group1
1012,17,Group1
1013,16,Group1
1014,16,Group2
1015,16,Group1
1016,16,Group1
1017,16,Group2
1018,16,Group1
1019,16,Group2
1020,16,Group2
1021,16,Group1
1022,16,Group1
1023,16,Group1
1024,16,Group1
1025,16,Group2
1026,16,Group1
1027,16,Group1
1028,16,Group1
1029,16,Group1
1030,16,Group1
1031,16,Group1
1032,16,Group2
1033,16,Group1
1034,16,Group1
1035,16,Group2
1036,16,Group2
1037,16,Group1
1038,16,Group2
1039,16,Group1
1040,16,Group2
1041,16,Group1
1042,16,Group2
1043,16,Group2
1044,16,Group2
1045,16,Group1
1046,16,Group2
1047,16,Group1
1048,16,Group1
1049,16,Group1
1050,16,Group2
1051,16,Group2
1052,15,Group1
1053,15,Group2
1054,15,Group1
1055,15,Group1
1056,15,Group2
1057,15,Group1
1058,15,Group2
1059,15,Group1
1060,15,Group1
1061,15,Group1
1062,15,Group2
1063,15,Group2
1064,15,Group1
1065,15,Group1
1066,15,Group2
1067,15,Group2
1068,15,Group2
1069,15,Group1
1070,15,Group1
1071,15,Group2
1072,15,Group2
1073,15,Group2
1074,15,Group1
1075,15,Group1
1076,15,Group2
1077,15,Group2
1078,15,Group1
1079,15,Group2
1080,15,Group1
1081,15,Group1
1082,15,Group1
1083,15,Group1
1084,15,Group2
1085,15,Group1
1086,14,Group1
1087,14,Group1
1088,14,Group1
1089,14,Group1
1090,14,Group1
1091,14,Group2
1092,14,Group1
1093,14,Group2
1094,14,Group2
1095,14,Group1
1096,14,Group2
1097,14,Group1
1098,14,Group1
1099,14,Group2
1100,14,Group2
1101,14,Group1
1102,14,Group2
1103,14,Group1
1104,14,Group2
1105,14,Group1
1106,14,Group2
1107,14,Group1
1108,14,Group2
1109,14,Group2
1110,14,Group2
1111,14,Group1
1112,14,Group2
1113,14,Group1
1114,14,Group1
1115,14,Group2
1116,14,Group1
1117,14,Group2
1118,14,Group2
1119,14,Group2
1120,14,Group1
1121,14,Group2
1122,14,Group1
1123,14,Group2
1124,14,Group1
1125,14,Group2
1126,14,Group2
1127,13,Group2
1128,13,Group1
1129,13,Group2
1130,13,Group2
1131,13,Group2
1132,13,Group2
1133,13,Group2
1134,13,Group2
1135,13,Group1
1136,13,Group1
1137,13,Group1
1138,13,Group1
1139,13,Group1
1140,13,Group2
1141,13,Group1
1142,13,Group1
1143,13,Group1
1144,13,Group1
1145,13,Group1
1146,13,Group1
1147,13,Group2
1148,13,Group1
1149,13,Group2
1150,13,Group1
1151,13,Group1
1152,13,Group1
1153,13,Group2
1154,13,Group1
1155,13,Group2
1156,13,Group2
1157,13,Group2
1158,12,Group2
1159,12,Group2
1160,12,Group1
1161,12,Group1
1162,12,Group1
1163,12,Group2
1164,12,Group1
1165,12,Group1
1166,12,Group2
1167,12,Group2
1168,12,Group1
1169,12,Group2
1170,12,Group1
1171,12,Group2
1172,12,Group1
1173,12,Group2
1174,12,Group2
1175,12,Group1
1176,12,Group1
1177,12,Group1
1178,12,Group2
1179,12,Group2
1180,12,Group1
1181,12,Group1
1182,12,Group1
1183,12,Group1
1184,12,Group1
1185,12,Group2
1186,12,Group2
1187,12,Group1
1188,12,Group1
1189,12,Group2
1190,12,Group1
1191,12,Group1
1192,12,Group2
1193,12,Group1
1194,12,Group1
1195,12,Group1
1196,12,Group2
1197,12,Group1
1198,12,Group1
1199,12,Group1
1200,12,Group1
1201,12,Group1
1202,12,Group2
1203,12,Group2
1204,12,Group1
1205,12,Group1
1206,12,Group2
1207,12,Group2
1208,12,Group2
1209,12,Group2
1210,11,Group2
1211,11,Group2
1212,11,Group1
1213,11,Group1
1214,11,Group2
1215,11,Group2
1216,11,Group1
1217,11,Group1
1218,11,Group1
1219,11,Group1
1220,11,Group1
1221,11,Group2
1222,11,Group2
1223,11,Group1
1224,11,Group2
1225,11,Group2
1226,11,Group1
1227,11,Group1
1228,11,Group1
1229,11,Group2
1230,11,Group2
1231,11,Group2
1232,11,Group2
1233,11,Group1
1234,11,Group1
1235,11,Group1
1236,11,Group2
1237,11,Group1
1238,11,Group2
1239,11,Group2
1240,11,Group2
1241,11,Group2
1242,11,Group1
1243,11,Group1
1244,11,Group2
1245,11,Group1
1246,11,Group2
1247,11,Group2
1248,11,Group1
1249,11,Group1
1250,11,Group1
1251,11,Group2
1252,11,Group2
1253,11,Group1
1254,11,Group1
1255,11,Group1
1256,11,Group2
1257,11,Group1
1258,11,Group2
1259,11,Group1
1260,10,Group1
1261,10,Group2
1262,10,Group2
1263,10,Group2
1264,10,Group2
1265,10,Group1
1266,10,Group2
1267,10,Group2
1268,10,Group1
1269,10,Group1
1270,10,Group2
1271,10,Group1
1272,10,Group1
1273,10,Group1
1274,10,Group2
1275,10,Group1
1276,10,Group2
1277,10,Group1
1278,10,Group2
1279,10,Group2
1280,10,Group2
1281,10,Group1
1282,10,Group1
1283,10,Group2
1284,10,Group1
1285,10,Group1
1286,10,Group1
1287,10,Group1
1288,10,Group2
1289,10,Group2
1290,10,Group2
1291,10,Group2
1292,10,Group1
1293,10,Group2
1294,10,Group1
1295,10,Group1
1296,10,Group1
1297,10,Group2
1298,10,Group2
1299,10,Group1
1300,10,Group2
1301,10,Group2
1302,10,Group1
1303,10,Group1
1304,10,Group2
1305,10,Group1
1306,10,Group2
1307,10,Group1
1308,10,Group1
1309,10,Group1
1310,10,Group2
1311,10,Group1
1312,9,Group2
1313,9,Group1
1314,9,Group1
1315,9,Group2
1316,9,Group1
1317,9,Group2
1318,9,Group1
1319,9,Group1
1320,9,Group2
1321,9,Group1
1322,9,Group1
1323,9,Group1
1324,9,Group1
1325,9,Group1
1326,9,Group1
1327,9,Group1
1328,9,Group2
1329,9,Group1
1330,9,Group1
1331,9,Group2
1332,9,Group2
1333,9,Group1
1334,9,Group2
1335,9,Group2
1336,9,Group2
1337,9,Group2
1338,9,Group2
1339,9,Group1
1340,9,Group1
1341,9,Group1
1342,9,Group2
1343,9,Group1
1344,9,Group2
1345,9,Group2
1346,9,Group2
1347,9,Group2
1348,9,Group1
1349,9,Group1
1350,9,Group2
1351,9,Group2
1352,9,Group1
1353,9,Group2
1354,9,Group1
1355,9,Group1
1356,9,Group1
1357,9,Group1
1358,9,Group1
1359,9,Group1
1360,9,Group1
1361,9,Group2
1362,9,Group1
1363,9,Group2
1364,9,Group1
1365,9,Group1
1366,9,Group2
1367,9,Group1
1368,9,Group2
1369,9,Group1
1370,9,Group2
1371,9,Group1
1372,9,Group2
1373,9,Group1
1374,9,Group1
1375,9,Group2
1376,9,Group1
1377,9,Group1
1378,9,Group1
1379,9,Group2
1380,9,Group1
1381,9,Group1
1382,9,Group1
1383,9,Group2
1384,9,Group1
1385,9,Group2
1386,8,Group2
1387,8,Group2
1388,8,Group1
1389,8,Group2
1390,8,Group2
1391,8,Group1
1392,8,Group1
1393,8,Group1
1394,8,Group2
1395,8,Group1
1396,8,Group1
1397,8,Group1
1398,8,Group2
1399,8,Group2
1400,8,Group1
1401,8,Group2
1402,8,Group2
1403,8,Group1
1404,8,Group1
1405,8,Group2
1406,8,Group2
1407,8,Group1
1408,8,Group1
1409,8,Group1
1410,8,Group2
1411,8,Group1
1412,8,Group2
1413,8,Group1
1414,8,Group2
1415,8,Group1
1416,8,Group1
1417,8,Group1
1418,8,Group1
1419,8,Group1
1420,8,Group2
1421,8,Group2
1422,8,Group1
1423,8,Group1
1424,8,Group2
1425,8,Group2
1426,8,Group2
1427,8,Group1
1428,8,Group2
1429,8,Group1
1430,8,Group1
1431,8,Group1
1432,8,Group2
1433,8,Group1
1434,8,Group2
1435,8,Group1
1436,8,Group2
1437,8,Group2
1438,8,Group1
1439,8,Group1
1440,8,Group2
1441,8,Group1
1442,8,Group1
1443,8,Group2
1444,8,Group2
1445,8,Group2
1446,8,Group1
1447,8,Group2
1448,8,Group2
1449,8,Group2
1450,8,Group2
1451,8,Group2
1452,8,Group2
1453,8,Group2
1454,8,Group2
1455,7,Group2
1456,7,Group2
1457,7,Group2
1458,7,Group1
1459,7,Group1
1460,7,Group1
1461,7,Group2
1462,7,Group1
1463,7,Group2
1464,7,Group2
1465,7,Group2
1466,7,Group2
1467,7,Group2
1468,7,Group1
1469,7,Group2
1470,7,Group2
1471,7,Group2
1472,7,Group1
1473,7,Group1
1474,7,Group1
1475,7,Group2
1476,7,Group1
1477,7,Group2
1478,7,Group1
1479,7,Group2
1480,7,Group1
1481,7,Group1
1482,7,Group2
1483,7,Group2
1484,7,Group1
1485,7,Group1
1486,7,Group2
1487,7,Group1
1488,7,Group2
1489,7,Group2
1490,7,Group2
1491,7,Group2
1492,7,Group2
1493,7,Group1
1494,7,Group2
1495,7,Group1
1496,7,Group2
1497,7,Group2
1498,7,Group2
1499,7,Group2
1500,7,Group2
1501,7,Group1
1502,7,Group2
1503,7,Group2
1504,7,Group2
1505,7,Group1
1506,7,Group1
1507,7,Group2
1508,7,Group1
1509,7,Group1
1510,7,Group2
1511,7,Group2
1512,7,Group2
1513,7,Group1
1514,7,Group1
1515,7,Group2
1516,7,Group1
1517,7,Group1
1518,7,Group2
1519,7,Group1
1520,7,Group2
1521,7,Group1
1522,7,Group1
1523,7,Group1
1524,7,Group2
1525,7,Group1
1526,7,Group1
1527,7,Group1
1528,7,Group2
1529,7,Group1
1530,7,Group2
1531,7,Group1
1532,7,Group1
1533,7,Group1
1534,7,Group1
1535,7,Group1
1536,6,Group1
1537,6,Group1
1538,6,Group1
1539,6,Group1
1540,6,Group1
1541,6,Group2
1542,6,Group1
1543,6,Group1
1544,6,Group1
1545,6,Group1
1546,6,Group1
1547,6,Group1
1548,6,Group1
1549,6,Group2
1550,6,Group1
1551,6,Group1
1552,6,Group1
1553,6,Group2
1554,6,Group1
1555,6,Group2
1556,6,Group1
1557,6,Group1
1558,6,Group1
1559,6,Group2
1560,6,Group2
1561,6,Group2
1562,6,Group1
1563,6,Group2
1564,6,Group2
1565,6,Group1
1566,6,Group2
1567,6,Group1
1568,6,Group2
1569,6,Group2
1570,6,Group1
1571,6,Group1
1572,6,Group2
1573,6,Group1
1574,6,Group2
1575,6,Group1
1576,6,Group2
1577,6,Group2
1578,6,Group1
1579,6,Group2
1580,6,Group2
1581,6,Group2
1582,6,Group2
1583,6,Group1
1584,6,Group2
1585,6,Group1
1586,6,Group1
1587,6,Group1
1588,6,Group2
1589,6,Group1
1590,6,Group1
1591,6,Group2
1592,6,Group2
1593,6,Group1
1594,6,Group2
1595,6,Group1
1596,6,Group2
1597,6,Group2
1598,6,Group1
1599,6,Group2
1600,6,Group1
1601,6,Group1
1602,6,Group2
1603,6,Group1
1604,6,Group2
1605,6,Group2
1606,6,Group2
1607,6,Group2
1608,6,Group1
1609,6,Group1
1610,6,Group2
1611,6,Group2
1612,6,Group2
1613,6,Group2
1614,6,Group2
1615,6,Group2
1616,6,Group2
1617,6,Group2
1618,6,Group2
1619,6,Group2
1620,6,Group2
1621,6,Group2
1622,6,Group2
1623,6,Group2
1624,6,Group1
1625,6,Group2
1626,6,Group2
1627,6,Group2
1628,6,Group1
1629,6,Group2
1630,6,Group1
1631,6,Group2
1632,6,Group2
1633,5,Group2
1634,5,Group1
1635,5,Group2
1636,5,Group1
1637,5,Group2
1638,5,Group1
1639,5,Group1
1640,5,Group2
1641,5,Group2
1642,5,Group1
1643,5,Group1
1644,5,Group2
1645,5,Group1
1646,5,Group1
1647,5,Group1
1648,5,Group2
1649,5,Group2
1650,5,Group1
1651,5,Group1
1652,5,Group1
1653,5,Group1
1654,5,Group2
1655,5,Group2
1656,5,Group2
1657,5,Group2
1658,5,Group1
1659,5,Group1
1660,5,Group2
1661,5,Group2
1662,5,Group2
1663,5,Group2
1664,5,Group2
1665,5,Group2
1666,5,Group1
1667,5,Group1
1668,5,Group1
1669,5,Group2
1670,5,Group1
1671,5,Group2
1672,5,Group1
1673,5,Group2
1674,5,Group1
1675,5,Group1
1676,5,Group2
1677,5,Group2
1678,5,Group1
1679,5,Group2
1680,5,Group2
1681,5,Group1
1682,5,Group2
1683,5,Group2
1684,5,Group1
1685,5,Group1
1686,5,Group1
1687,5,Group2
1688,5,Group1
1689,5,Group2
1690,5,Group2
1691,5,Group2
1692,5,Group2
1693,5,Group2
1694,5,Group1
1695,5,Group2
1696,5,Group2
1697,5,Group2
1698,5,Group2
1699,5,Group1
1700,5,Group2
1701,5,Group2
1702,5,Group1
1703,5,Group1
1704,5,Group2
1705,5,Group1
1706,5,Group2
1707,5,Group1
1708,5,Group1
1709,5,Group1
1710,5,Group2
1711,5,Group1
1712,5,Group2
1713,5,Group1
1714,5,Group2
1715,5,Group1
1716,5,Group2
1717,5,Group1
1718,5,Group2
1719,5,Group2
1720,5,Group2
1721,5,Group1
1722,5,Group2
1723,5,Group1
1724,5,Group1
1725,5,Group1
1726,5,Group2
1727,5,Group1
1728,5,Group1
1729,5,Group1
1730,5,Group1
1731,5,Group1
1732,5,Group1
1733,5,Group1
1734,5,Group1
1735,5,Group2
1736,5,Group1
1737,5,Group1
1738,5,Group1
1739,5,Group1
1740,5,Group1
1741,4,Group1
1742,4,Group1
1743,4,Group1
1744,4,Group1
1745,4,Group1
1746,4,Group1
1747,4,Group1
1748,4,Group2
1749,4,Group1
1750,4,Group1
1751,4,Group2
1752,4,Group1
1753,4,Group1
1754,4,Group2
1755,4,Group1
1756,4,Group1
1757,4,Group1
1758,4,Group1
1759,4,Group2
1760,4,Group1
1761,4,Group1
1762,4,Group2
1763,4,Group1
1764,4,Group1
1765,4,Group1
1766,4,Group1
1767,4,Group2
1768,4,Group1
1769,4,Group1
1770,4,Group2
1771,4,Group1
1772,4,Group1
1773,4,Group1
1774,4,Group1
1775,4,Group2
1776,4,Group1
1777,4,Group1
1778,4,Group2
1779,4,Group2
1780,4,Group1
1781,4,Group2
1782,4,Group2
1783,4,Group2
1784,4,Group1
1785,4,Group2
1786,4,Group2
1787,4,Group2
1788,4,Group1
1789,4,Group2
1790,4,Group2
1791,4,Group1
1792,4,Group1
1793,4,Group2
1794,4,Group1
1795,4,Group2
1796,4,Group1
1797,4,Group2
1798,4,Group2
1799,4,Group1
1800,4,Group1
1801,4,Group2
1802,4,Group1
1803,4,Group1
1804,4,Group1
1805,4,Group2
1806,4,Group2
1807,4,Group1
1808,4,Group1
1809,4,Group2
1810,4,Group1
1811,4,Group1
1812,4,Group1
1813,4,Group2
1814,4,Group2
1815,4,Group1
1816,4,Group1
1817,4,Group1
1818,4,Group1
1819,4,Group2
1820,4,Group1
1821,4,Group1
1822,4,Group1
1823,4,Group1
1824,4,Group2
1825,4,Group2
1826,4,Group1
1827,4,Group2
1828,4,Group1
1829,4,Group2
1830,4,Group1
1831,4,Group1
1832,4,Group1
1833,4,Group1
1834,4,Group1
1835,4,Group2
1836,4,Group1
1837,4,Group2
1838,4,Group1
1839,4,Group1
1840,4,Group1
1841,4,Group1
1842,4,Group2
1843,4,Group1
1844,4,Group1
1845,4,Group2
1846,4,Group1
1847,4,Group1
1848,4,Group1
1849,4,Group2
1850,4,Group1
1851,4,Group1
1852,4,Group2
1853,4,Group1
1854,4,Group2
1855,4,Group1
1856,4,Group2
1857,4,Group1
1858,4,Group2
1859,4,Group2
1860,4,Group1
1861,4,Group2
1862,4,Group2
1863,4,Group2
1864,4,Group2
1865,4,Group2
1866,3,Group2
1867,3,Group2
1868,3,Group2
1869,3,Group2
1870,3,Group1
1871,3,Group1
1872,3,Group1
1873,3,Group1
1874,3,Group1
1875,3,Group2
1876,3,Group2
1877,3,Group2
1878,3,Group1
1879,3,Group1
1880,3,Group2
1881,3,Group2
1882,3,Group1
1883,3,Group2
1884,3,Group2
1885,3,Group2
1886,3,Group1
1887,3,Group1
1888,3,Group1
1889,3,Group1
1890,3,Group1
1891,3,Group2
1892,3,Group2
1893,3,Group2
1894,3,Group1
1895,3,Group1
1896,3,Group1
1897,3,Group2
1898,3,Group1
1899,3,Group2
1900,3,Group2
1901,3,Group2
1902,3,Group2
1903,3,Group1
1904,3,Group1
1905,3,Group1
1906,3,Group2
1907,3,Group2
1908,3,Group1
1909,3,Group2
1910,3,Group1
1911,3,Group1
1912,3,Group2
1913,3,Group2
1914,3,Group2
1915,3,Group1
1916,3,Group2
1917,3,Group2
1918,3,Group2
1919,3,Group2
1920,3,Group2
1921,3,Group1
1922,3,Group2
1923,3,Group1
1924,3,Group1
1925,3,Group2
1926,3,Group2
1927,3,Group2
1928,3,Group2
1929,3,Group2
1930,3,Group1
1931,3,Group1
1932,3,Group1
1933,3,Group1
1934,3,Group1
1935,3,Group2
1936,3,Group2
1937,3,Group1
1938,3,Group1
1939,3,Group1
1940,3,Group1
1941,3,Group2
1942,3,Group1
1943,3,Group2
1944,3,Group1
1945,3,Group2
1946,3,Group1
1947,3,Group1
1948,3,Group1
1949,3,Group2
1950,3,Group1
1951,3,Group2
1952,3,Group1
1953,3,Group1
1954,3,Group1
1955,3,Group2
1956,3,Group1
1957,3,Group2
1958,3,Group1
1959,3,Group2
1960,3,Group2
1961,3,Group2
1962,3,Group2
1963,3,Group2
1964,3,Group2
1965,3,Group1
1966,3,Group2
1967,3,Group1
1968,3,Group2
1969,3,Group1
1970,3,Group1
1971,3,Group1
1972,3,Group2
1973,3,Group1
1974,3,Group2
1975,3,Group1
1976,3,Group2
1977,3,Group1
1978,3,Group1
1979,3,Group1
1980,3,Group2
1981,3,Group1
1982,3,Group1
1983,3,Group1
1984,3,Group2
1985,3,Group1
1986,3,Group1
1987,3,Group1
1988,3,Group1
1989,3,Group1
1990,2,Group2
1991,2,Group1
1992,2,Group1
1993,2,Group1
1994,2,Group1
1995,2,Group1
1996,2,Group1
1997,2,Group1
1998,2,Group2
1999,2,Group1
2000,2,Group1
2001,2,Group1
2002,2,Group1
2003,2,Group1
2004,2,Group1
2005,2,Group1
2006,2,Group2
2007,2,Group1
2008,2,Group1
2009,2,Group1
2010,2,Group1
2011,2,Group1
2012,2,Group1
2013,2,Group1
2014,2,Group2
2015,2,Group1
2016,2,Group1
2017,2,Group1
2018,2,Group1
2019,2,Group2
2020,2,Group1
2021,2,Group1
2022,2,Group1
2023,2,Group1
2024,2,Group1
2025,2,Group1
2026,2,Group1
2027,2,Group2
2028,2,Group1
2029,2,Group1
2030,2,Group1
2031,2,Group1
2032,2,Group1
2033,2,Group1
2034,2,Group1
2035,2,Group2
2036,2,Group1
2037,2,Group1
2038,2,Group1
2039,2,Group2
2040,2,Group1
2041,2,Group1
2042,2,Group2
2043,2,Group2
2044,2,Group1
2045,2,Group2
2046,2,Group2
2047,2,Group2
2048,2,Group1
2049,2,Group2
2050,2,Group2
2051,2,Group2
2052,2,Group2
2053,2,Group1
2054,2,Group2
2055,2,Group2
2056,2,Group2
2057,2,Group1
2058,2,Group2
2059,2,Group2
2060,2,Group2
2061,2,Group1
2062,2,Group2
2063,2,Group2
2064,2,Group2
2065,2,Group2
2066,2,Group2
2067,2,Group1
2068,2,Group2
2069,2,Group1
2070,2,Group2
2071,2,Group2
2072,2,Group2
2073,2,Group1
2074,2,Group1
2075,2,Group1
2076,2,Group2
2077,2,Group1
2078,2,Group2
2079,2,Group2
2080,2,Group1
2081,2,Group2
2082,2,Group1
2083,2,Group1
2084,2,Group2
2085,2,Group2
2086,2,Group2
2087,2,Group2
2088,2,Group1
2089,2,Group1
2090,2,Group1
2091,2,Group1
2092,2,Group2
2093,2,Group1
2094,2,Group2
2095,2,Group2
2096,2,Group1
2097,2,Group2
2098,2,Group2
2099,2,Group1
2100,2,Group2
2101,2,Group2
2102,2,Group1
2103,2,Group2
2104,2,Group1
2105,2,Group1
2106,2,Group1
2107,2,Group1
2108,2,Group2
2109,2,Group2
2110,2,Group1
2111,2,Group1
2112,2,Group1
2113,2,Group2
2114,2,Group1
2115,2,Group1
2116,2,Group2
2117,2,Group2
2118,2,Group2
2119,2,Group1
2120,2,Group2
2121,2,Group1
2122,2,Group2
2123,2,Group1
2124,2,Group2
2125,2,Group2
2126,2,Group2
2127,2,Group1
2128,2,Group1
2129,2,Group2
2130,2,Group2
2131,2,Group1
2132,2,Group2
2133,2,Group2
2134,2,Group2
2135,2,Group1
2136,2,Group2
2137,2,Group2
2138,2,Group2
2139,2,Group1
2140,2,Group2
2141,2,Group2
2142,2,Group1
2143,2,Group2
2144,2,Group2
2145,2,Group2
2146,2,Group2
2147,2,Group2
2148,2,Group2
2149,2,Group2
2150,2,Group2
2151,2,Group2
2152,2,Group2
2153,2,Group1
2154,2,Group2
2155,2,Group2
2156,2,Group2
2157,2,Group2
2158,2,Group1
2159,2,Group2
2160,2,Group1
2161,2,Group2
2162,2,Group1
2163,2,Group2
2164,2,Group1
2165,1,Group2
2166,1,Group1
2167,1,Group2
2168,1,Group2
2169,1,Group1
2170,1,Group1
2171,1,Group2
2172,1,Group2
2173,1,Group1
2174,1,Group1
2175,1,Group2
2176,1,Group2
2177,1,Group1
2178,1,Group1
2179,1,Group2
2180,1,Group1
2181,1,Group1
2182,1,Group1
2183,1,Group2
2184,1,Group2
2185,1,Group1
2186,1,Group1
2187,1,Group2
2188,1,Group2
2189,1,Group1
2190,1,Group1
2191,1,Group1
2192,1,Group2
2193,1,Group1
2194,1,Group1
2195,1,Group2
2196,1,Group1
2197,1,Group2
2198,1,Group1
2199,1,Group1
2200,1,Group2
2201,1,Group1
2202,1,Group1
2203,1,Group2
2204,1,Group2
2205,1,Group2
2206,1,Group1
2207,1,Group1
2208,1,Group2
2209,1,Group1
2210,1,Group1
2211,1,Group2
2212,1,Group1
2213,1,Group2
2214,1,Group1
2215,1,Group2
2216,1,Group2
2217,1,Group1
2218,1,Group1
2219,1,Group2
2220,1,Group2
2221,1,Group2
2222,1,Group1
2223,1,Group2
2224,1,Group2
2225,1,Group1
2226,1,Group1
2227,1,Group2
2228,1,Group1
2229,1,Group2
2230,1,Group2
2231,1,Group2
2232,1,Group2
2233,1,Group1
2234,1,Group2
2235,1,Group2
2236,1,Group2
2237,1,Group2
2238,1,Group2
2239,1,Group2
2240,1,Group2
2241,1,Group2
2242,1,Group2
2243,1,Group2
2244,1,Group1
2245,1,Group2
2246,1,Group2
2247,1,Group2
2248,1,Group2
2249,1,Group2
2250,1,Group2
2251,1,Group2
2252,1,Group2
2253,1,Group2
2254,1,Group2
2255,1,Group2
2256,1,Group2
2257,1,Group2
2258,1,Group2
2259,1,Group1
2260,1,Group2
2261,1,Group2
2262,1,Group1
2263,1,Group2
2264,1,Group2
2265,1,Group2
2266,1,Group2
2267,1,Group1
2268,1,Group2
2269,1,Group2
2270,1,Group2
2271,1,Group2
2272,1,Group2
2273,1,Group2
2274,1,Group2
2275,1,Group1
2276,1,Group2
2277,1,Group2
2278,1,Group2
2279,1,Group2
2280,1,Group2
2281,1,Group2
2282,1,Group2
2283,1,Group2
2284,1,Group2
2285,1,Group2
2286,1,Group2
2287,1,Group2
2288,1,Group2
2289,1,Group2
2290,1,Group2
2291,1,Group2
2292,1,Group2
2293,1,Group1
2294,1,Group2
2295,1,Group2
2296,1,Group2
2297,1,Group2
2298,1,Group2
2299,1,Group2
2300,1,Group2
2301,1,Group1
2302,1,Group2
2303,1,Group2
2304,1,Group2
2305,1,Group2
2306,1,Group2
2307,1,Group2
2308,1,Group2
2309,1,Group1
2310,1,Group2
2311,1,Group1
2312,1,Group2
2313,1,Group2
2314,1,Group2
2315,1,Group2
2316,1,Group2
2317,1,Group1
2318,1,Group2
2319,1,Group1
2320,1,Group2
2321,1,Group2
2322,1,Group2
2323,1,Group2
2324,1,Group2
2325,1,Group1
2326,1,Group2
2327,1,Group1
2328,1,Group2
2329,1,Group1
2330,1,Group1
2331,1,Group1
2332,1,Group2
2333,1,Group1
2334,1,Group2
2335,1,Group1
2336,1,Group1
2337,1,Group1
2338,1,Group1
2339,1,Group1
2340,1,Group2
2341,1,Group1
2342,1,Group2
2343,1,Group1
2344,1,Group2
2345,1,Group2
2346,1,Group2
2347,1,Group1
2348,1,Group2
2349,1,Group1
2350,1,Group2
2351,1,Group1
2352,1,Group1
2353,1,Group2
2354,1,Group1
2355,1,Group1
2356,1,Group2
2357,1,Group1
2358,1,Group2
2359,1,Group1
2360,1,Group2
2361,1,Group2
2362,1,Group1
2363,1,Group1
2364,1,Group1
2365,1,Group2
2366,1,Group2
2367,1,Group1
2368,1,Group2
2369,1,Group2
2370,1,Group1
2371,1,Group1
2372,1,Group2
2373,1,Group1
2374,1,Group2
2375,1,Group1
2376,1,Group1
2377,1,Group1
2378,1,Group2
2379,1,Group1
2380,1,Group1
2381,1,Group1
2382,1,Group1
2383,1,Group1
2384,1,Group2
2385,1,Group1
2386,1,Group2
2387,1,Group1
2388,1,Group1
2389,1,Group1
2390,1,Group2
2391,1,Group1
2392,1,Group2
2393,1,Group2
2394,1,Group1
2395,1,Group1
2396,1,Group2
2397,1,Group2
2398,1,Group1
2399,1,Group1
2400,1,Group2
2401,1,Group2
2402,1,Group1
2403,1,Group1
2404,1,Group2
2405,1,Group1
2406,1,Group1
2407,1,Group1
2408,1,Group2
2409,1,Group1
2410,1,Group1
2411,1,Group1
2412,1,Group2
2413,1,Group1
2414,1,Group1
2415,1,Group1
2416,1,Group2
2417,1,Group2
2418,1,Group2
2419,1,Group1
2420,1,Group1
2421,1,Group1
2422,1,Group1
2423,1,Group1
2424,1,Group1
