id,sent_requests,user_group
1,8864,Group1
2,7472,Group1
3,6295,Group1
4,5658,Group1
5,4933,Group1
6,4364,Group1
7,3941,Group1
8,3920,Group1
9,3482,Group1
10,3394,Group1
11,3048,Group1
12,2999,Group1
13,2930,Group1
14,2711,Group1
15,2660,Group1
16,2572,Group1
17,2472,Group1
18,2399,Group1
19,2337,Group1
20,2292,Group1
21,2216,Group1
22,2183,Group1
23,2181,Group1
24,2018,Group1
25,1994,Group1
26,1966,Group1
27,1949,Group1
28,1931,Group1
29,1887,Group1
30,1861,Group1
31,1820,Group1
32,1817,Group1
33,1805,Group1
34,1743,Group1
35,1712,Group1
36,1695,Group1
37,1615,Group1
38,1604,Group1
39,1599,Group2
40,1584,Group1
41,1570,Group1
42,1476,Group1
43,1467,Group1
44,1435,Group1
45,1414,Group1
46,1401,Group1
47,1398,Group1
48,1363,Group1
49,1360,Group1
50,1359,Group1
51,1355,Group1
52,1349,Group1
53,1326,Group1
54,1324,Group1
55,1301,Group1
56,1283,Group1
57,1266,Group1
58,1258,Group1
59,1212,Group1
60,1202,Group1
61,1185,Group1
62,1156,Group1
63,1155,Group1
64,1154,Group1
65,1115,Group1
66,1109,Group1
67,1103,Group1
68,1066,Group1
69,1063,Group1
70,998,Group1
71,996,Group1
72,947,Group1
73,925,Group1
74,922,Group1
75,898,Group2
76,887,Group1
77,849,Group1
78,840,Group1
79,838,Group1
80,821,Group1
81,811,Group1
82,808,Group1
83,799,Group1
84,785,Group1
85,782,Group1
86,780,Group1
87,765,Group2
88,762,Group1
89,743,Group1
90,727,Group1
91,721,Group1
92,718,Group1
93,696,Group1
94,688,Group1
95,667,Group1
96,654,Group1
97,653,Group1
98,647,Group1
99,646,Group2
100,636,Group1
101,617,Group1
102,614,Group1
103,613,Group1
104,607,Group1
105,601,Group1
106,585,Group1
107,580,Group1
108,579,Group1
109,576,Group1
110,575,Group1
111,571,Group1
112,571,Group1
113,566,Group1
114,565,Group1
115,556,Group1
116,553,Group1
117,546,Group1
118,546,Group1
119,544,Group1
120,542,Group1
121,541,Group1
122,537,Group1
123,535,Group1
124,526,Group1
125,520,Group1
126,518,Group1
127,506,Group1
128,504,Group1
129,494,Group1
130,488,Group1
131,482,Group1
132,480,Group1
133,480,Group1
134,479,Group1
135,476,Group1
136,472,Group1
137,469,Group1
138,467,Group2
139,459,Group1
140,454,Group2
141,451,Group1
142,451,Group1
143,450,Group1
144,445,Group1
145,443,Group1
146,440,Group1
147,439,Group1
148,438,Group1
149,437,Group1
150,436,Group1
151,433,Group1
152,431,Group1
153,430,Group1
154,426,Group1
155,425,Group1
156,422,Group1
157,415,Group1
158,415,Group2
159,413,Group2
160,411,Group2
161,407,Group1
162,407,Group1
163,406,Group1
164,400,Group1
165,398,Group1
166,396,Group1
167,388,Group1
168,382,Group1
169,374,Group1
170,369,Group1
171,364,Group1
172,363,Group1
173,356,Group1
174,355,Group1
175,355,Group1
176,355,Group2
177,354,Group1
178,353,Group1
179,353,Group1
180,352,Group2
181,349,Group1
182,343,Group1
183,342,Group1
184,341,Group1
185,338,Group1
186,329,Group1
187,328,Group1
188,325,Group2
189,324,Group1
190,320,Group1
191,318,Group1
192,316,Group1
193,315,Group1
194,314,Group1
195,314,Group1
196,311,Group1
197,308,Group2
198,307,Group1
199,306,Group1
200,306,Group1
201,304,Group1
202,304,Group2
203,302,Group1
204,299,Group1
205,299,Group1
206,299,Group1
207,298,Group1
208,291,Group1
209,289,Group2
210,289,Group1
211,288,Group1
212,286,Group1
213,286,Group1
214,285,Group1
215,282,Group1
216,280,Group1
217,277,Group1
218,273,Group1
219,273,Group1
220,271,Group1
221,264,Group1
222,262,Group1
223,261,Group1
224,260,Group1
225,259,Group1
226,259,Group1
227,251,Group1
228,249,Group1
229,248,Group1
230,247,Group1
231,243,Group1
232,243,Group1
233,238,Group1
234,238,Group1
235,237,Group1
236,236,Group1
237,236,Group1
238,236,Group1
239,235,Group1
240,232,Group1
241,232,Group1
242,231,Group1
243,230,Group1
244,228,Group1
245,228,Group1
246,225,Group1
247,224,Group1
248,223,Group1
249,220,Group1
250,220,Group1
251,215,Group1
252,215,Group1
253,215,Group1
254,210,Group1
255,208,Group1
256,207,Group1
257,205,Group1
258,205,Group1
259,205,Group1
260,203,Group1
261,203,Group1
262,194,Group1
263,192,Group1
264,192,Group1
265,191,Group1
266,190,Group1
267,189,Group1
268,186,Group1
269,185,Group1
270,184,Group1
271,182,Group1
272,182,Group1
273,182,Group1
274,181,Group1
275,180,Group1
276,178,Group1
277,178,Group1
278,178,Group2
279,177,Group1
280,177,Group1
281,177,Group2
282,175,Group1
283,174,Group1
284,173,Group1
285,172,Group1
286,172,Group2
287,172,Group1
288,171,Group1
289,169,Group2
290,169,Group1
291,167,Group1
292,167,Group1
293,166,Group2
294,165,Group1
295,164,Group1
296,163,Group1
297,163,Group1
298,163,Group1
299,162,Group1
300,162,Group1
301,160,Group1
302,160,Group1
303,158,Group1
304,157,Group1
305,155,Group1
306,154,Group1
307,153,Group2
308,153,Group1
309,152,Group1
310,152,Group1
311,152,Group1
312,151,Group1
313,151,Group1
314,150,Group1
315,149,Group1
316,149,Group1
317,149,Group1
318,148,Group1
319,146,Group1
320,146,Group1
321,145,Group1
322,144,Group1
323,143,Group2
324,142,Group1
325,141,Group1
326,141,Group1
327,141,Group1
328,140,Group1
329,140,Group1
330,140,Group1
331,139,Group1
332,139,Group1
333,139,Group1
334,138,Group1
335,138,Group1
336,137,Group1
337,136,Group1
338,135,Group1
339,134,Group1
340,134,Group1
341,134,Group2
342,133,Group1
343,133,Group1
344,132,Group2
345,132,Group1
346,132,Group1
347,131,Group2
348,131,Group1
349,129,Group2
350,129,Group1
351,128,Group1
352,128,Group1
353,127,Group1
354,127,Group1
355,126,Group1
356,125,Group1
357,125,Group2
358,125,Group1
359,124,Group1
360,124,Group2
361,124,Group1
362,124,Group1
363,124,Group1
364,124,Group2
365,121,Group1
366,121,Group1
367,119,Group1
368,119,Group1
369,119,Group1
370,119,Group1
371,119,Group2
372,118,Group1
373,118,Group1
374,118,Group1
375,117,Group1
376,117,Group1
377,117,Group1
378,117,Group2
379,116,Group2
380,116,Group1
381,115,Group1
382,115,Group1
383,115,Group1
384,113,Group1
385,113,Group2
386,112,Group1
387,111,Group1
388,111,Group2
389,111,Group1
390,109,Group1
391,109,Group1
392,108,Group2
393,107,Group1
394,107,Group1
395,107,Group2
396,107,Group1
397,107,Group1
398,106,Group1
399,106,Group1
400,105,Group1
401,104,Group1
402,103,Group1
403,103,Group1
404,102,Group1
405,101,Group1
406,101,Group1
407,101,Group1
408,101,Group2
409,101,Group1
410,100,Group1
411,100,Group1
412,99,Group1
413,99,Group1
414,99,Group1
415,99,Group2
416,99,Group1
417,98,Group1
418,98,Group1
419,98,Group2
420,98,Group1
421,98,Group1
422,97,Group1
423,97,Group1
424,97,Group1
425,96,Group1
426,96,Group1
427,95,Group2
428,95,Group1
429,95,Group1
430,95,Group2
431,94,Group1
432,94,Group1
433,94,Group1
434,93,Group1
435,92,Group1
436,92,Group1
437,92,Group1
438,91,Group1
439,91,Group1
440,91,Group1
441,91,Group1
442,90,Group2
443,90,Group1
444,89,Group1
445,89,Group1
446,89,Group2
447,88,Group1
448,88,Group1
449,88,Group1
450,88,Group1
451,87,Group1
452,87,Group1
453,87,Group1
454,87,Group1
455,87,Group2
456,87,Group1
457,86,Group1
458,86,Group1
459,86,Group1
460,86,Group1
461,86,Group1
462,86,Group1
463,86,Group1
464,85,Group1
465,85,Group1
466,85,Group1
467,85,Group1
468,85,Group1
469,84,Group1
470,84,Group1
471,83,Group1
472,83,Group2
473,83,Group1
474,83,Group2
475,82,Group1
476,81,Group1
477,81,Group1
478,81,Group1
479,81,Group1
480,81,Group1
481,80,Group1
482,80,Group1
483,80,Group2
484,79,Group2
485,79,Group2
486,79,Group2
487,78,Group1
488,77,Group2
489,77,Group1
490,76,Group1
491,76,Group2
492,76,Group1
493,75,Group1
494,75,Group1
495,75,Group1
496,75,Group2
497,75,Group1
498,75,Group1
499,75,Group2
500,74,Group1
501,74,Group1
502,74,Group1
503,74,Group1
504,74,Group2
505,73,Group1
506,73,Group1
507,73,Group2
508,73,Group1
509,73,Group1
510,73,Group1
511,72,Group1
512,72,Group1
513,71,Group1
514,71,Group1
515,71,Group1
516,71,Group2
517,71,Group1
518,71,Group1
519,70,Group1
520,70,Group1
521,70,Group1
522,69,Group1
523,69,Group1
524,69,Group1
525,68,Group1
526,68,Group1
527,68,Group1
528,68,Group2
529,68,Group2
530,68,Group1
531,67,Group2
532,67,Group1
533,67,Group1
534,67,Group1
535,67,Group1
536,67,Group2
537,66,Group2
538,66,Group2
539,66,Group1
540,66,Group1
541,66,Group1
542,65,Group1
543,65,Group2
544,65,Group2
545,65,Group1
546,65,Group1
547,64,Group2
548,64,Group1
549,64,Group1
550,64,Group2
551,63,Group2
552,63,Group1
553,63,Group1
554,63,Group1
555,63,Group1
556,62,Group2
557,62,Group2
558,61,Group2
559,61,Group1
560,61,Group1
561,61,Group1
562,61,Group1
563,60,Group2
564,60,Group1
565,60,Group1
566,60,Group2
567,60,Group2
568,59,Group2
569,59,Group1
570,59,Group1
571,59,Group1
572,59,Group1
573,59,Group1
574,59,Group1
575,58,Group1
576,58,Group1
577,58,Group1
578,58,Group1
579,58,Group1
580,57,Group2
581,57,Group1
582,57,Group2
583,57,Group1
584,57,Group2
585,56,Group1
586,56,Group1
587,56,Group1
588,56,Group1
589,56,Group1
590,55,Group1
591,55,Group2
592,55,Group1
593,55,Group1
594,55,Group1
595,55,Group1
596,54,Group1
597,54,Group1
598,54,Group2
599,54,Group1
600,54,Group1
601,54,Group2
602,53,Group2
603,53,Group1
604,53,Group1
605,53,Group2
606,53,Group1
607,52,Group1
608,52,Group2
609,52,Group2
610,52,Group1
611,52,Group1
612,52,Group1
613,52,Group1
614,52,Group1
615,51,Group1
616,51,Group1
617,51,Group1
618,51,Group1
619,51,Group1
620,51,Group1
621,50,Group1
622,50,Group1
623,50,Group1
624,50,Group1
625,50,Group1
626,49,Group2
627,48,Group2
628,48,Group1
629,48,Group1
630,48,Group1
631,48,Group1
632,48,Group1
633,47,Group1
634,47,Group1
635,46,Group1
636,46,Group1
637,46,Group1
638,46,Group2
639,46,Group1
640,46,Group2
641,46,Group1
642,46,Group2
643,45,Group1
644,45,Group2
645,45,Group2
646,45,Group1
647,45,Group1
648,45,Group1
649,45,Group2
650,44,Group1
651,44,Group1
652,44,Group1
653,44,Group1
654,44,Group1
655,44,Group1
656,44,Group1
657,43,Group1
658,43,Group1
659,43,Group1
660,43,Group1
661,43,Group1
662,43,Group1
663,43,Group1
664,42,Group1
665,42,Group1
666,42,Group2
667,41,Group1
668,41,Group1
669,41,Group1
670,41,Group1
671,41,Group1
672,41,Group1
673,41,Group2
674,41,Group1
675,41,Group1
676,40,Group1
677,40,Group1
678,40,Group1
679,40,Group1
680,40,Group1
681,40,Group1
682,39,Group1
683,39,Group2
684,39,Group1
685,39,Group1
686,39,Group2
687,38,Group1
688,38,Group2
689,38,Group1
690,37,Group2
691,37,Group1
692,37,Group1
693,37,Group1
694,37,Group1
695,37,Group1
696,37,Group1
697,36,Group2
698,36,Group2
699,36,Group1
700,36,Group1
701,36,Group1
702,36,Group1
703,35,Group1
704,35,Group1
705,35,Group2
706,35,Group2
707,35,Group1
708,35,Group1
709,35,Group1
710,34,Group1
711,34,Group1
712,34,Group1
713,34,Group2
714,34,Group2
715,34,Group2
716,34,Group1
717,34,Group1
718,33,Group1
719,33,Group1
720,33,Group1
721,33,Group1
722,33,Group1
723,33,Group1
724,33,Group1
725,33,Group1
726,33,Group1
727,33,Group2
728,33,Group1
729,32,Group2
730,32,Group1
731,32,Group2
732,32,Group1
733,32,Group1
734,32,Group2
735,32,Group1
736,32,Group1
737,32,Group1
738,32,Group1
739,31,Group1
740,31,Group1
741,31,Group1
742,31,Group2
743,31,Group1
744,31,Group1
745,31,Group2
746,31,Group1
747,30,Group1
748,30,Group1
749,30,Group1
750,30,Group1
751,30,Group1
752,30,Group1
753,29,Group1
754,29,Group1
755,29,Group1
756,29,Group1
757,29,Group1
758,29,Group1
759,29,Group1
760,29,Group1
761,29,Group2
762,28,Group1
763,28,Group1
764,28,Group1
765,28,Group1
766,28,Group2
767,28,Group1
768,28,Group1
769,28,Group1
770,28,Group2
771,28,Group1
772,28,Group1
773,28,Group1
774,28,Group2
775,28,Group1
776,28,Group2
777,27,Group2
778,27,Group1
779,27,Group1
780,27,Group1
781,27,Group2
782,27,Group1
783,27,Group1
784,27,Group1
785,26,Group1
786,26,Group1
787,26,Group1
788,26,Group1
789,26,Group1
790,26,Group1
791,26,Group1
792,26,Group1
793,26,Group1
794,26,Group1
795,26,Group1
796,26,Group1
797,26,Group1
798,25,Group2
799,25,Group1
800,25,Group2
801,25,Group1
802,25,Group2
803,25,Group1
804,25,Group1
805,25,Group2
806,25,Group1
807,25,Group2
808,24,Group1
809,24,Group1
810,24,Group1
811,24,Group1
812,24,Group1
813,24,Group2
814,24,Group1
815,24,Group1
816,24,Group1
817,24,Group1
818,24,Group2
819,24,Group2
820,24,Group1
821,23,Group1
822,23,Group1
823,23,Group1
824,23,Group2
825,23,Group1
826,23,Group2
827,23,Group1
828,23,Group2
829,23,Group2
830,23,Group1
831,23,Group1
832,23,Group2
833,23,Group2
834,23,Group1
835,23,Group2
836,23,Group1
837,23,Group2
838,23,Group1
839,23,Group1
840,23,Group1
841,22,Group2
842,22,Group1
843,22,Group2
844,22,Group1
845,22,Group2
846,22,Group1
847,22,Group1
848,22,Group2
849,22,Group1
850,22,Group2
851,22,Group1
852,22,Group1
853,22,Group1
854,22,Group1
855,22,Group1
856,21,Group2
857,21,Group2
858,21,Group1
859,21,Group1
860,21,Group1
861,21,Group1
862,21,Group1
863,21,Group1
864,21,Group2
865,21,Group1
866,20,Group1
867,20,Group1
868,20,Group2
869,20,Group2
870,20,Group2
871,20,Group1
872,20,Group1
873,20,Group2
874,20,Group1
875,20,Group1
876,20,Group2
877,20,Group1
878,20,Group1
879,20,Group1
880,20,Group1
881,20,Group1
882,20,Group1
883,19,Group1
884,19,Group2
885,19,Group2
886,19,Group2
887,19,Group1
888,19,Group1
889,19,Group2
890,19,Group2
891,19,Group1
892,19,Group2
893,18,Group1
894,18,Group1
895,18,Group1
896,18,Group1
897,18,Group1
898,18,Group2
899,18,Group2
900,18,Group2
901,18,Group1
902,18,Group2
903,18,Group2
904,18,Group1
905,18,Group1
906,18,Group1
907,18,Group2
908,18,Group1
909,18,Group2
910,18,Group1
911,18,Group1
912,18,Group1
913,18,Group1
914,18,Group1
915,17,Group1
916,17,Group1
917,17,Group1
918,17,Group1
919,17,Group1
920,17,Group1
921,17,Group1
922,17,Group2
923,17,Group2
924,17,Group1
925,17,Group1
926,17,Group1
927,17,Group1
928,17,Group1
929,17,Group1
930,16,Group2
931,16,Group1
932,16,Group1
933,16,Group1
934,16,Group1
935,16,Group1
936,16,Group2
937,16,Group2
938,16,Group2
939,16,Group1
940,16,Group2
941,16,Group2
942,16,Group1
943,16,Group1
944,16,Group1
945,16,Group2
946,16,Group1
947,16,Group1
948,16,Group1
949,16,Group2
950,15,Group2
951,15,Group1
952,15,Group2
953,15,Group1
954,15,Group2
955,15,Group2
956,15,Group1
957,15,Group2
958,15,Group2
959,15,Group1
960,15,Group2
961,15,Group1
962,15,Group2
963,15,Group2
964,15,Group2
965,15,Group2
966,15,Group1
967,15,Group1
968,15,Group1
969,15,Group2
970,15,Group2
971,15,Group1
972,15,Group1
973,15,Group1
974,14,Group1
975,14,Group2
976,14,Group1
977,14,Group2
978,14,Group2
979,14,Group1
980,14,Group1
981,14,Group1
982,14,Group1
983,14,Group2
984,14,Group1
985,14,Group1
986,14,Group1
987,14,Group1
988,14,Group1
989,14,Group1
990,14,Group1
991,14,Group1
992,14,Group1
993,14,Group1
994,14,Group2
995,14,Group1
996,14,Group1
997,14,Group2
998,14,Group1
999,14,Group1
1000,14,Group1
1001,13,Group2
1002,13,Group2
1003,13,Group2
1004,13,Group1
1005,13,Group1
1006,13,Group1
1007,13,Group1
1008,13,Group1
1009,13,Group1
1010,13,Group1
1011,13,Group1
1012,13,Group1
1013,13,Group1
1014,13,Group1
1015,13,Group2
1016,13,Group1
1017,13,Group2
1018,13,Group1
1019,13,Group1
1020,13,Group2
1021,13,Group1
1022,12,Group1
1023,12,Group1
1024,12,Group1
1025,12,Group1
1026,12,Group2
1027,12,Group2
1028,12,Group2
1029,12,Group1
1030,12,Group1
1031,12,Group2
1032,12,Group1
1033,12,Group1
1034,12,Group1
1035,12,Group1
1036,12,Group1
1037,12,Group2
1038,12,Group1
1039,12,Group1
1040,12,Group2
1041,12,Group2
1042,12,Group2
1043,12,Group2
1044,11,Group1
1045,11,Group2
1046,11,Group1
1047,11,Group2
1048,11,Group1
1049,11,Group2
1050,11,Group1
1051,11,Group1
1052,11,Group2
1053,11,Group1
1054,11,Group2
1055,11,Group1
1056,11,Group2
1057,11,Group1
1058,11,Group1
1059,11,Group1
1060,11,Group1
1061,11,Group1
1062,11,Group1
1063,11,Group1
1064,11,Group2
1065,11,Group1
1066,11,Group1
1067,11,Group1
1068,11,Group2
1069,10,Group1
1070,10,Group1
1071,10,Group2
1072,10,Group1
1073,10,Group1
1074,10,Group1
1075,10,Group2
1076,10,Group1
1077,10,Group1
1078,10,Group2
1079,10,Group1
1080,10,Group1
1081,10,Group2
1082,10,Group1
1083,10,Group2
1084,10,Group2
1085,10,Group2
1086,10,Group1
1087,10,Group2
1088,10,Group1
1089,10,Group2
1090,10,Group2
1091,10,Group1
1092,10,Group2
1093,10,Group1
1094,10,Group1
1095,10,Group1
1096,10,Group1
1097,10,Group1
1098,10,Group2
1099,10,Group1
1100,10,Group1
1101,10,Group1
1102,10,Group1
1103,10,Group1
1104,10,Group1
1105,10,Group1
1106,10,Group2
1107,10,Group2
1108,10,Group2
1109,9,Group2
1110,9,Group1
1111,9,Group1
1112,9,Group2
1113,9,Group1
1114,9,Group2
1115,9,Group1
1116,9,Group1
1117,9,Group1
1118,9,Group1
1119,9,Group2
1120,9,Group1
1121,9,Group1
1122,9,Group1
1123,9,Group1
1124,9,Group1
1125,9,Group1
1126,9,Group2
1127,9,Group1
1128,9,Group1
1129,9,Group1
1130,9,Group1
1131,9,Group1
1132,9,Group1
1133,9,Group1
1134,9,Group1
1135,9,Group1
1136,9,Group1
1137,8,Group2
1138,8,Group1
1139,8,Group1
1140,8,Group1
1141,8,Group1
1142,8,Group1
1143,8,Group1
1144,8,Group1
1145,8,Group1
1146,8,Group1
1147,8,Group1
1148,8,Group1
1149,8,Group2
1150,8,Group1
1151,8,Group1
1152,8,Group1
1153,8,Group2
1154,8,Group1
1155,8,Group2
1156,8,Group1
1157,8,Group2
1158,8,Group1
1159,8,Group1
1160,8,Group1
1161,8,Group2
1162,8,Group1
1163,8,Group2
1164,8,Group1
1165,8,Group1
1166,8,Group1
1167,8,Group2
1168,8,Group2
1169,8,Group1
1170,8,Group2
1171,8,Group2
1172,8,Group2
1173,7,Group1
1174,7,Group2
1175,7,Group1
1176,7,Group1
1177,7,Group1
1178,7,Group2
1179,7,Group1
1180,7,Group2
1181,7,Group1
1182,7,Group2
1183,7,Group2
1184,7,Group1
1185,7,Group1
1186,7,Group2
1187,7,Group2
1188,7,Group2
1189,7,Group1
1190,7,Group2
1191,7,Group1
1192,7,Group1
1193,7,Group1
1194,7,Group2
1195,7,Group2
1196,7,Group2
1197,7,Group2
1198,7,Group1
1199,7,Group1
1200,7,Group2
1201,7,Group2
1202,7,Group2
1203,7,Group1
1204,7,Group2
1205,7,Group2
1206,7,Group1
1207,7,Group2
1208,7,Group2
1209,7,Group2
1210,7,Group1
1211,7,Group2
1212,7,Group1
1213,7,Group2
1214,7,Group1
1215,7,Group1
1216,7,Group1
1217,6,Group1
1218,6,Group1
1219,6,Group1
1220,6,Group2
1221,6,Group2
1222,6,Group1
1223,6,Group2
1224,6,Group1
1225,6,Group1
1226,6,Group1
1227,6,Group1
1228,6,Group2
1229,6,Group1
1230,6,Group2
1231,6,Group2
1232,6,Group1
1233,6,Group2
1234,6,Group1
1235,6,Group1
1236,6,Group2
1237,6,Group1
1238,6,Group1
1239,6,Group1
1240,6,Group2
1241,6,Group2
1242,6,Group2
1243,6,Group2
1244,6,Group2
1245,6,Group1
1246,6,Group1
1247,6,Group1
1248,6,Group1
1249,6,Group1
1250,6,Group2
1251,6,Group1
1252,6,Group1
1253,6,Group1
1254,6,Group1
1255,6,Group1
1256,6,Group2
1257,6,Group1
1258,6,Group2
1259,6,Group1
1260,6,Group1
1261,6,Group1
1262,6,Group2
1263,6,Group1
1264,6,Group1
1265,6,Group1
1266,5,Group2
1267,5,Group2
1268,5,Group1
1269,5,Group1
1270,5,Group1
1271,5,Group1
1272,5,Group1
1273,5,Group1
1274,5,Group2
1275,5,Group2
1276,5,Group1
1277,5,Group2
1278,5,Group1
1279,5,Group2
1280,5,Group2
1281,5,Group1
1282,5,Group2
1283,5,Group1
1284,5,Group1
1285,5,Group1
1286,5,Group2
1287,5,Group2
1288,5,Group2
1289,5,Group1
1290,5,Group2
1291,5,Group1
1292,5,Group1
1293,5,Group1
1294,5,Group1
1295,5,Group2
1296,5,Group2
1297,5,Group1
1298,5,Group1
1299,5,Group1
1300,5,Group2
1301,5,Group2
1302,5,Group2
1303,5,Group2
1304,5,Group1
1305,5,Group2
1306,5,Group1
1307,5,Group2
1308,5,Group2
1309,5,Group2
1310,5,Group1
1311,5,Group1
1312,5,Group1
1313,5,Group2
1314,5,Group2
1315,5,Group1
1316,5,Group1
1317,4,Group1
1318,4,Group1
1319,4,Group1
1320,4,Group1
1321,4,Group1
1322,4,Group1
1323,4,Group2
1324,4,Group1
1325,4,Group1
1326,4,Group1
1327,4,Group1
1328,4,Group2
1329,4,Group1
1330,4,Group1
1331,4,Group1
1332,4,Group1
1333,4,Group2
1334,4,Group1
1335,4,Group2
1336,4,Group2
1337,4,Group1
1338,4,Group2
1339,4,Group2
1340,4,Group1
1341,4,Group1
1342,4,Group1
1343,4,Group1
1344,4,Group2
1345,4,Group1
1346,4,Group2
1347,4,Group1
1348,4,Group1
1349,4,Group1
1350,4,Group2
1351,4,Group2
1352,4,Group1
1353,4,Group2
1354,4,Group2
1355,4,Group2
1356,4,Group1
1357,4,Group1
1358,4,Group2
1359,4,Group1
1360,4,Group1
1361,4,Group2
1362,4,Group2
1363,4,Group1
1364,4,Group2
1365,4,Group1
1366,4,Group1
1367,4,Group2
1368,4,Group1
1369,4,Group1
1370,4,Group2
1371,4,Group2
1372,4,Group2
1373,4,Group1
1374,4,Group2
1375,4,Group1
1376,4,Group1
1377,4,Group2
1378,4,Group1
1379,4,Group2
1380,4,Group2
1381,4,Group2
1382,4,Group1
1383,4,Group2
1384,4,Group1
1385,4,Group2
1386,4,Group1
1387,4,Group2
1388,4,Group1
1389,4,Group2
1390,4,Group2
1391,4,Group2
1392,4,Group2
1393,4,Group1
1394,4,Group2
1395,4,Group2
1396,4,Group1
1397,4,Group1
1398,4,Group2
1399,4,Group1
1400,4,Group1
1401,4,Group1
1402,4,Group1
1403,4,Group1
1404,3,Group1
1405,3,Group1
1406,3,Group1
1407,3,Group2
1408,3,Group1
1409,3,Group1
1410,3,Group1
1411,3,Group1
1412,3,Group1
1413,3,Group1
1414,3,Group1
1415,3,Group1
1416,3,Group1
1417,3,Group1
1418,3,Group1
1419,3,Group1
1420,3,Group1
1421,3,Group2
1422,3,Group1
1423,3,Group2
1424,3,Group1
1425,3,Group2
1426,3,Group1
1427,3,Group1
1428,3,Group1
1429,3,Group2
1430,3,Group1
1431,3,Group1
1432,3,Group1
1433,3,Group2
1434,3,Group1
1435,3,Group1
1436,3,Group2
1437,3,Group2
1438,3,Group1
1439,3,Group2
1440,3,Group1
1441,3,Group2
1442,3,Group2
1443,3,Group1
1444,3,Group2
1445,3,Group1
1446,3,Group2
1447,3,Group1
1448,3,Group2
1449,3,Group2
1450,3,Group2
1451,3,Group2
1452,3,Group2
1453,3,Group1
1454,3,Group2
1455,3,Group2
1456,3,Group2
1457,3,Group2
1458,3,Group2
1459,3,Group1
1460,3,Group2
1461,3,Group1
1462,3,Group2
1463,3,Group1
1464,3,Group2
1465,3,Group2
1466,3,Group2
1467,3,Group2
1468,3,Group2
1469,3,Group2
1470,3,Group2
1471,3,Group2
1472,3,Group2
1473,3,Group2
1474,3,Group2
1475,3,Group1
1476,3,Group2
1477,3,Group1
1478,3,Group2
1479,3,Group1
1480,3,Group1
1481,3,Group2
1482,3,Group1
1483,3,Group2
1484,3,Group2
1485,3,Group1
1486,3,Group2
1487,3,Group2
1488,3,Group2
1489,3,Group2
1490,3,Group1
1491,3,Group1
1492,3,Group2
1493,3,Group2
1494,3,Group1
1495,3,Group2
1496,3,Group1
1497,3,Group2
1498,3,Group1
1499,3,Group1
1500,3,Group1
1501,3,Group2
1502,3,Group1
1503,3,Group1
1504,3,Group1
1505,3,Group2
1506,3,Group1
1507,3,Group2
1508,3,Group2
1509,3,Group1
1510,3,Group2
1511,3,Group2
1512,3,Group2
1513,3,Group1
1514,3,Group2
1515,3,Group2
1516,3,Group1
1517,3,Group2
1518,3,Group2
1519,3,Group2
1520,3,Group1
1521,3,Group2
1522,3,Group1
1523,3,Group2
1524,3,Group1
1525,2,Group2
1526,2,Group1
1527,2,Group1
1528,2,Group1
1529,2,Group1
1530,2,Group1
1531,2,Group1
1532,2,Group1
1533,2,Group2
1534,2,Group1
1535,2,Group1
1536,2,Group2
1537,2,Group1
1538,2,Group1
1539,2,Group1
1540,2,Group1
1541,2,Group2
1542,2,Group2
1543,2,Group1
1544,2,Group1
1545,2,Group2
1546,2,Group1
1547,2,Group1
1548,2,Group1
1549,2,Group2
1550,2,Group2
1551,2,Group2
1552,2,Group2
1553,2,Group2
1554,2,Group1
1555,2,Group2
1556,2,Group1
1557,2,Group2
1558,2,Group2
1559,2,Group2
1560,2,Group1
1561,2,Group2
1562,2,Group1
1563,2,Group2
1564,2,Group1
1565,2,Group2
1566,2,Group2
1567,2,Group2
1568,2,Group2
1569,2,Group2
1570,2,Group1
1571,2,Group2
1572,2,Group1
1573,2,Group2
1574,2,Group2
1575,2,Group2
1576,2,Group1
1577,2,Group2
1578,2,Group2
1579,2,Group2
1580,2,Group1
1581,2,Group1
1582,2,Group2
1583,2,Group2
1584,2,Group2
1585,2,Group2
1586,2,Group2
1587,2,Group2
1588,2,Group1
1589,2,Group2
1590,2,Group1
1591,2,Group2
1592,2,Group1
1593,2,Group2
1594,2,Group2
1595,2,Group2
1596,2,Group1
1597,2,Group2
1598,2,Group1
1599,2,Group2
1600,2,Group2
1601,2,Group1
1602,2,Group2
1603,2,Group2
1604,2,Group2
1605,2,Group2
1606,2,Group1
1607,2,Group2
1608,2,Group1
1609,2,Group1
1610,2,Group1
1611,2,Group2
1612,2,Group2
1613,2,Group2
1614,2,Group1
1615,2,Group2
1616,2,Group2
1617,2,Group1
1618,2,Group1
1619,2,Group2
1620,2,Group2
1621,2,Group2
1622,2,Group1
1623,2,Group1
1624,2,Group2
1625,2,Group1
1626,2,Group1
1627,2,Group2
1628,2,Group1
1629,2,Group1
1630,2,Group1
1631,2,Group2
1632,2,Group2
1633,2,Group1
1634,2,Group1
1635,2,Group1
1636,2,Group2
1637,2,Group1
1638,2,Group2
1639,2,Group1
1640,2,Group2
1641,2,Group1
1642,2,Group1
1643,2,Group1
1644,2,Group2
1645,2,Group1
1646,2,Group2
1647,2,Group1
1648,2,Group2
1649,2,Group1
1650,2,Group1
1651,2,Group1
1652,2,Group1
1653,2,Group1
1654,2,Group2
1655,2,Group1
1656,2,Group2
1657,2,Group1
1658,2,Group1
1659,2,Group2
1660,2,Group2
1661,2,Group1
1662,2,Group1
1663,2,Group2
1664,2,Group2
1665,2,Group1
1666,2,Group1
1667,2,Group2
1668,2,Group2
1669,2,Group1
1670,2,Group2
1671,2,Group2
1672,2,Group2
1673,2,Group1
1674,2,Group2
1675,2,Group2
1676,2,Group2
1677,2,Group2
1678,2,Group2
1679,2,Group1
1680,2,Group1
1681,2,Group1
1682,1,Group2
1683,1,Group1
1684,1,Group1
1685,1,Group1
1686,1,Group1
1687,1,Group1
1688,1,Group1
1689,1,Group1
1690,1,Group2
1691,1,Group1
1692,1,Group1
1693,1,Group2
1694,1,Group1
1695,1,Group1
1696,1,Group1
1697,1,Group1
1698,1,Group2
1699,1,Group1
1700,1,Group1
1701,1,Group1
1702,1,Group1
1703,1,Group1
1704,1,Group1
1705,1,Group1
1706,1,Group2
1707,1,Group1
1708,1,Group1
1709,1,Group2
1710,1,Group1
1711,1,Group1
1712,1,Group1
1713,1,Group1
1714,1,Group2
1715,1,Group1
1716,1,Group1
1717,1,Group1
1718,1,Group2
1719,1,Group1
1720,1,Group1
1721,1,Group1
1722,1,Group2
1723,1,Group1
1724,1,Group2
1725,1,Group2
1726,1,Group2
1727,1,Group1
1728,1,Group1
1729,1,Group1
1730,1,Group2
1731,1,Group1
1732,1,Group2
1733,1,Group1
1734,1,Group2
1735,1,Group2
1736,1,Group1
1737,1,Group1
1738,1,Group2
1739,1,Group1
1740,1,Group2
1741,1,Group2
1742,1,Group2
1743,1,Group2
1744,1,Group1
1745,1,Group1
1746,1,Group2
1747,1,Group2
1748,1,Group2
1749,1,Group1
1750,1,Group2
1751,1,Group2
1752,1,Group1
1753,1,Group1
1754,1,Group2
1755,1,Group2
1756,1,Group2
1757,1,Group2
1758,1,Group2
1759,1,Group2
1760,1,Group1
1761,1,Group1
1762,1,Group2
1763,1,Group2
1764,1,Group2
1765,1,Group1
1766,1,Group2
1767,1,Group2
1768,1,Group1
1769,1,Group1
1770,1,Group2
1771,1,Group2
1772,1,Group2
1773,1,Group2
1774,1,Group2
1775,1,Group2
1776,1,Group1
1777,1,Group1
1778,1,Group2
1779,1,Group2
1780,1,Group2
1781,1,Group1
1782,1,Group2
1783,1,Group2
1784,1,Group1
1785,1,Group1
1786,1,Group2
1787,1,Group2
1788,1,Group2
1789,1,Group2
1790,1,Group2
1791,1,Group2
1792,1,Group1
1793,1,Group2
1794,1,Group2
1795,1,Group2
1796,1,Group2
1797,1,Group1
1798,1,Group2
1799,1,Group2
1800,1,Group1
1801,1,Group1
1802,1,Group2
1803,1,Group2
1804,1,Group2
1805,1,Group2
1806,1,Group2
1807,1,Group2
1808,1,Group2
1809,1,Group2
1810,1,Group2
1811,1,Group2
1812,1,Group2
1813,1,Group1
1814,1,Group2
1815,1,Group2
1816,1,Group2
1817,1,Group2
1818,1,Group1
1819,1,Group2
1820,1,Group2
1821,1,Group2
1822,1,Group2
1823,1,Group2
1824,1,Group2
1825,1,Group2
1826,1,Group1
1827,1,Group2
1828,1,Group2
1829,1,Group1
1830,1,Group1
1831,1,Group1
1832,1,Group2
1833,1,Group2
1834,1,Group1
1835,1,Group2
1836,1,Group2
1837,1,Group2
1838,1,Group1
1839,1,Group1
1840,1,Group2
1841,1,Group2
1842,1,Group2
1843,1,Group1
1844,1,Group1
1845,1,Group2
1846,1,Group1
1847,1,Group1
1848,1,Group2
1849,1,Group2
1850,1,Group1
1851,1,Group1
1852,1,Group1
1853,1,Group2
1854,1,Group1
1855,1,Group2
1856,1,Group2
1857,1,Group2
1858,1,Group1
1859,1,Group1
1860,1,Group1
1861,1,Group2
1862,1,Group1
1863,1,Group2
1864,1,Group1
1865,1,Group2
1866,1,Group1
1867,1,Group1
1868,1,Group1
1869,1,Group1
1870,1,Group1
1871,1,Group2
1872,1,Group2
1873,1,Group2
1874,1,Group1
1875,1,Group1
1876,1,Group2
1877,1,Group2
1878,1,Group1
1879,1,Group2
1880,1,Group2
1881,1,Group2
1882,1,Group1
1883,1,Group1
1884,1,Group2
1885,1,Group1
1886,1,Group1
1887,1,Group2
1888,1,Group1
1889,1,Group2
1890,1,Group2
1891,1,Group1
1892,1,Group2
1893,1,Group2
1894,1,Group2
1895,1,Group1
1896,1,Group2
1897,1,Group2
1898,1,Group2
1899,1,Group1
1900,1,Group2
1901,1,Group2
1902,1,Group2
1903,1,Group1
1904,1,Group2
1905,1,Group2
1906,1,Group2
1907,1,Group1
1908,1,Group2
1909,1,Group2
1910,1,Group2
1911,1,Group1
1912,1,Group2
1913,1,Group2
1914,1,Group2
1915,1,Group1
1916,1,Group2
1917,1,Group2
1918,1,Group2
1919,1,Group1
1920,1,Group2
1921,1,Group2
1922,1,Group2
1923,1,Group1
1924,1,Group1
1925,1,Group2
1926,1,Group1
1927,1,Group1
1928,1,Group1
1929,1,Group2
1930,1,Group1
1931,1,Group1
1932,1,Group2
1933,1,Group2
1934,1,Group1
1935,1,Group1
1936,1,Group2
1937,1,Group2
1938,1,Group1
1939,1,Group1
1940,1,Group1
1941,1,Group2
1942,1,Group1
1943,1,Group1
1944,1,Group1
1945,1,Group2
1946,1,Group1
1947,1,Group1
1948,1,Group1
1949,1,Group1
1950,1,Group1
1951,1,Group1
1952,1,Group1
1953,1,Group1
1954,1,Group1
1955,1,Group1
1956,1,Group1
