id,sent_likes,user_group
1,9419,Group1
2,7957,Group1
3,6646,Group1
4,5871,Group1
5,4936,Group1
6,4840,Group1
7,4499,Group1
8,4409,Group1
9,4136,Group1
10,3943,Group1
11,3934,Group1
12,3909,Group2
13,3870,Group1
14,3735,Group1
15,3704,Group1
16,3423,Group1
17,3237,Group1
18,3125,Group1
19,3121,Group1
20,3110,Group1
21,3039,Group1
22,3036,Group1
23,3028,Group2
24,3011,Group1
25,3000,Group1
26,2962,Group1
27,2961,Group1
28,2929,Group2
29,2837,Group1
30,2788,Group1
31,2780,Group1
32,2741,Group1
33,2735,Group1
34,2729,Group1
35,2724,Group1
36,2709,Group2
37,2673,Group1
38,2625,Group1
39,2598,Group1
40,2529,Group1
41,2414,Group1
42,2395,Group1
43,2388,Group1
44,2387,Group1
45,2383,Group2
46,2374,Group1
47,2339,Group1
48,2291,Group1
49,2286,Group1
50,2248,Group1
51,2192,Group1
52,2170,Group1
53,2162,Group1
54,2120,Group1
55,2116,Group1
56,2097,Group1
57,2074,Group2
58,2068,Group1
59,1956,Group1
60,1915,Group1
61,1890,Group1
62,1866,Group1
63,1823,Group1
64,1820,Group1
65,1808,Group1
66,1785,Group1
67,1783,Group1
68,1773,Group1
69,1736,Group1
70,1718,Group1
71,1682,Group2
72,1653,Group2
73,1649,Group1
74,1584,Group1
75,1568,Group2
76,1557,Group1
77,1484,Group1
78,1434,Group1
79,1387,Group1
80,1383,Group1
81,1363,Group2
82,1357,Group1
83,1351,Group1
84,1340,Group2
85,1289,Group1
86,1279,Group1
87,1264,Group1
88,1234,Group2
89,1222,Group2
90,1207,Group1
91,1204,Group1
92,1197,Group1
93,1168,Group1
94,1126,Group1
95,1113,Group2
96,1109,Group1
97,1103,Group1
98,1095,Group1
99,1071,Group2
100,1049,Group1
101,1033,Group1
102,1007,Group1
103,999,Group1
104,996,Group1
105,978,Group1
106,975,Group1
107,925,Group1
108,893,Group1
109,892,Group1
110,889,Group1
111,877,Group1
112,876,Group1
113,872,Group1
114,871,Group1
115,871,Group1
116,869,Group1
117,863,Group1
118,858,Group2
119,848,Group2
120,847,Group1
121,846,Group1
122,843,Group1
123,833,Group1
124,830,Group1
125,815,Group1
126,803,Group1
127,796,Group1
128,787,Group1
129,780,Group1
130,776,Group1
131,764,Group1
132,760,Group1
133,758,Group1
134,756,Group1
135,738,Group1
136,735,Group2
137,733,Group1
138,729,Group1
139,716,Group2
140,714,Group1
141,713,Group2
142,712,Group1
143,705,Group1
144,705,Group1
145,704,Group1
146,696,Group1
147,695,Group1
148,692,Group1
149,690,Group1
150,679,Group1
151,669,Group1
152,669,Group2
153,667,Group1
154,659,Group1
155,643,Group1
156,642,Group1
157,633,Group1
158,628,Group1
159,627,Group1
160,627,Group1
161,627,Group1
162,619,Group1
163,617,Group1
164,605,Group1
165,601,Group1
166,598,Group1
167,582,Group1
168,577,Group2
169,569,Group1
170,568,Group1
171,565,Group1
172,553,Group1
173,553,Group1
174,544,Group1
175,541,Group2
176,540,Group1
177,539,Group1
178,535,Group1
179,534,Group1
180,521,Group1
181,519,Group1
182,514,Group1
183,514,Group1
184,509,Group1
185,508,Group1
186,503,Group1
187,500,Group1
188,492,Group1
189,484,Group1
190,474,Group1
191,474,Group1
192,473,Group1
193,470,Group1
194,465,Group1
195,464,Group1
196,464,Group1
197,464,Group2
198,459,Group1
199,452,Group1
200,449,Group1
201,447,Group1
202,442,Group1
203,442,Group1
204,440,Group1
205,439,Group1
206,434,Group2
207,430,Group1
208,428,Group1
209,428,Group1
210,424,Group1
211,420,Group1
212,418,Group1
213,409,Group1
214,407,Group1
215,404,Group1
216,404,Group1
217,401,Group1
218,401,Group1
219,400,Group1
220,395,Group1
221,394,Group2
222,384,Group1
223,383,Group1
224,378,Group2
225,374,Group1
226,374,Group2
227,371,Group2
228,362,Group1
229,361,Group1
230,361,Group1
231,350,Group1
232,346,Group2
233,342,Group2
234,337,Group1
235,337,Group2
236,330,Group1
237,328,Group1
238,326,Group1
239,324,Group1
240,321,Group1
241,320,Group1
242,315,Group2
243,314,Group1
244,312,Group1
245,309,Group1
246,309,Group1
247,309,Group1
248,309,Group1
249,308,Group1
250,307,Group1
251,304,Group1
252,300,Group1
253,300,Group1
254,299,Group1
255,297,Group1
256,296,Group1
257,296,Group1
258,295,Group1
259,293,Group1
260,292,Group1
261,290,Group2
262,290,Group1
263,285,Group1
264,285,Group1
265,284,Group1
266,281,Group1
267,279,Group2
268,274,Group2
269,273,Group1
270,270,Group1
271,269,Group1
272,269,Group1
273,268,Group2
274,266,Group2
275,266,Group2
276,265,Group1
277,263,Group1
278,262,Group1
279,262,Group1
280,260,Group1
281,259,Group2
282,255,Group1
283,255,Group1
284,254,Group2
285,252,Group1
286,251,Group2
287,250,Group1
288,248,Group1
289,248,Group2
290,247,Group1
291,246,Group1
292,246,Group1
293,243,Group1
294,243,Group2
295,242,Group1
296,242,Group1
297,241,Group1
298,241,Group1
299,236,Group1
300,235,Group1
301,234,Group1
302,233,Group1
303,233,Group1
304,230,Group1
305,230,Group1
306,227,Group1
307,226,Group2
308,226,Group1
309,221,Group1
310,221,Group2
311,220,Group2
312,220,Group1
313,219,Group1
314,218,Group1
315,217,Group1
316,215,Group1
317,215,Group1
318,210,Group1
319,207,Group2
320,207,Group2
321,206,Group1
322,204,Group2
323,203,Group2
324,203,Group1
325,202,Group1
326,201,Group1
327,200,Group2
328,197,Group1
329,195,Group2
330,195,Group2
331,194,Group1
332,192,Group1
333,190,Group1
334,188,Group1
335,188,Group2
336,188,Group1
337,188,Group1
338,187,Group1
339,185,Group2
340,185,Group1
341,185,Group2
342,184,Group1
343,181,Group2
344,180,Group1
345,180,Group2
346,180,Group1
347,179,Group2
348,179,Group1
349,178,Group2
350,178,Group1
351,177,Group1
352,174,Group2
353,172,Group1
354,172,Group1
355,171,Group1
356,170,Group1
357,170,Group2
358,169,Group1
359,169,Group1
360,168,Group2
361,164,Group1
362,164,Group1
363,164,Group1
364,162,Group2
365,162,Group2
366,161,Group1
367,160,Group1
368,160,Group1
369,159,Group1
370,159,Group1
371,158,Group1
372,156,Group1
373,156,Group1
374,156,Group2
375,152,Group1
376,152,Group2
377,151,Group2
378,151,Group1
379,150,Group1
380,149,Group1
381,148,Group1
382,148,Group2
383,148,Group1
384,148,Group2
385,147,Group1
386,147,Group1
387,147,Group1
388,146,Group2
389,146,Group1
390,146,Group1
391,145,Group2
392,144,Group2
393,144,Group2
394,143,Group2
395,142,Group1
396,142,Group2
397,142,Group1
398,142,Group1
399,142,Group1
400,142,Group1
401,142,Group2
402,142,Group2
403,141,Group1
404,141,Group2
405,141,Group1
406,139,Group1
407,137,Group1
408,136,Group1
409,136,Group1
410,135,Group1
411,134,Group1
412,133,Group2
413,133,Group2
414,131,Group1
415,131,Group1
416,131,Group1
417,131,Group1
418,129,Group1
419,129,Group1
420,128,Group1
421,128,Group1
422,126,Group2
423,125,Group1
424,123,Group2
425,122,Group2
426,120,Group2
427,120,Group1
428,120,Group1
429,120,Group1
430,119,Group1
431,119,Group1
432,119,Group1
433,118,Group2
434,118,Group1
435,116,Group1
436,116,Group2
437,115,Group2
438,115,Group1
439,114,Group1
440,114,Group2
441,114,Group2
442,113,Group1
443,113,Group1
444,112,Group1
445,111,Group1
446,110,Group1
447,109,Group1
448,109,Group1
449,108,Group1
450,108,Group2
451,108,Group1
452,108,Group2
453,108,Group1
454,107,Group1
455,106,Group2
456,106,Group2
457,106,Group1
458,106,Group2
459,106,Group1
460,102,Group1
461,102,Group1
462,102,Group1
463,102,Group1
464,101,Group1
465,101,Group1
466,101,Group2
467,100,Group1
468,100,Group1
469,99,Group2
470,99,Group2
471,98,Group1
472,98,Group1
473,97,Group1
474,96,Group1
475,96,Group1
476,96,Group1
477,96,Group2
478,96,Group1
479,95,Group1
480,94,Group2
481,94,Group1
482,94,Group1
483,94,Group2
484,93,Group1
485,92,Group1
486,92,Group2
487,92,Group1
488,91,Group2
489,91,Group1
490,91,Group2
491,91,Group2
492,91,Group2
493,91,Group1
494,90,Group1
495,90,Group1
496,90,Group2
497,89,Group2
498,89,Group2
499,89,Group2
500,89,Group1
501,88,Group1
502,88,Group2
503,88,Group1
504,88,Group2
505,88,Group1
506,87,Group2
507,87,Group2
508,87,Group2
509,87,Group1
510,87,Group2
511,87,Group1
512,87,Group2
513,87,Group1
514,87,Group2
515,87,Group1
516,86,Group1
517,86,Group2
518,86,Group1
519,86,Group1
520,86,Group1
521,85,Group1
522,85,Group1
523,85,Group1
524,85,Group2
525,83,Group2
526,83,Group1
527,83,Group1
528,83,Group1
529,83,Group1
530,83,Group1
531,83,Group2
532,82,Group2
533,82,Group1
534,81,Group2
535,81,Group2
536,81,Group1
537,81,Group1
538,80,Group2
539,80,Group2
540,79,Group1
541,79,Group2
542,79,Group1
543,79,Group1
544,79,Group2
545,78,Group1
546,78,Group2
547,78,Group2
548,78,Group2
549,78,Group1
550,77,Group2
551,77,Group1
552,77,Group2
553,77,Group1
554,77,Group1
555,77,Group2
556,76,Group1
557,76,Group1
558,76,Group1
559,76,Group2
560,75,Group1
561,75,Group1
562,75,Group1
563,75,Group1
564,75,Group1
565,75,Group1
566,74,Group1
567,74,Group1
568,74,Group1
569,74,Group2
570,73,Group1
571,73,Group1
572,73,Group2
573,72,Group1
574,72,Group1
575,72,Group1
576,72,Group1
577,72,Group2
578,72,Group2
579,71,Group1
580,71,Group2
581,71,Group1
582,71,Group2
583,71,Group2
584,70,Group1
585,70,Group2
586,70,Group1
587,69,Group1
588,69,Group2
589,69,Group1
590,68,Group2
591,67,Group2
592,67,Group2
593,67,Group1
594,66,Group2
595,66,Group2
596,66,Group2
597,66,Group1
598,66,Group1
599,66,Group1
600,66,Group1
601,66,Group1
602,65,Group1
603,65,Group1
604,65,Group2
605,65,Group2
606,64,Group1
607,64,Group2
608,64,Group1
609,64,Group1
610,63,Group2
611,63,Group1
612,63,Group2
613,63,Group2
614,63,Group1
615,62,Group2
616,61,Group1
617,61,Group2
618,61,Group2
619,61,Group1
620,60,Group1
621,60,Group2
622,60,Group2
623,60,Group2
624,60,Group1
625,60,Group1
626,60,Group2
627,59,Group1
628,59,Group1
629,59,Group2
630,59,Group2
631,58,Group2
632,58,Group1
633,57,Group1
634,57,Group1
635,57,Group2
636,57,Group2
637,57,Group2
638,57,Group2
639,57,Group2
640,56,Group1
641,56,Group2
642,56,Group2
643,56,Group1
644,55,Group2
645,54,Group1
646,54,Group2
647,54,Group2
648,54,Group2
649,53,Group1
650,53,Group2
651,53,Group2
652,53,Group1
653,52,Group1
654,52,Group2
655,51,Group1
656,51,Group1
657,51,Group1
658,51,Group1
659,51,Group1
660,50,Group1
661,50,Group2
662,50,Group2
663,50,Group1
664,50,Group1
665,50,Group1
666,50,Group1
667,49,Group1
668,49,Group1
669,49,Group1
670,49,Group2
671,49,Group1
672,49,Group1
673,49,Group1
674,49,Group2
675,49,Group1
676,49,Group1
677,48,Group1
678,48,Group1
679,48,Group1
680,48,Group2
681,48,Group2
682,48,Group2
683,47,Group1
684,47,Group1
685,47,Group1
686,47,Group2
687,47,Group1
688,47,Group1
689,47,Group2
690,47,Group2
691,46,Group1
692,46,Group1
693,46,Group2
694,46,Group1
695,46,Group1
696,46,Group1
697,46,Group2
698,46,Group1
699,46,Group2
700,45,Group2
701,45,Group1
702,45,Group1
703,45,Group2
704,44,Group2
705,44,Group1
706,44,Group1
707,44,Group2
708,44,Group1
709,43,Group2
710,43,Group1
711,43,Group2
712,43,Group1
713,43,Group2
714,43,Group2
715,43,Group1
716,43,Group1
717,43,Group1
718,43,Group2
719,42,Group2
720,42,Group1
721,42,Group2
722,42,Group2
723,42,Group1
724,42,Group1
725,42,Group2
726,42,Group2
727,42,Group2
728,41,Group2
729,41,Group1
730,41,Group2
731,41,Group1
732,41,Group1
733,41,Group2
734,41,Group2
735,41,Group2
736,41,Group2
737,41,Group1
738,40,Group1
739,40,Group1
740,40,Group2
741,40,Group2
742,40,Group1
743,40,Group2
744,40,Group1
745,40,Group1
746,40,Group1
747,39,Group2
748,39,Group1
749,38,Group2
750,38,Group2
751,38,Group1
752,38,Group2
753,38,Group1
754,38,Group1
755,38,Group2
756,38,Group1
757,38,Group1
758,37,Group1
759,37,Group2
760,37,Group2
761,37,Group1
762,37,Group1
763,37,Group1
764,37,Group2
765,37,Group1
766,37,Group1
767,37,Group2
768,37,Group1
769,37,Group2
770,36,Group1
771,36,Group1
772,36,Group1
773,36,Group2
774,36,Group1
775,36,Group1
776,36,Group2
777,36,Group1
778,36,Group1
779,36,Group1
780,36,Group1
781,36,Group2
782,35,Group1
783,35,Group2
784,35,Group1
785,35,Group2
786,35,Group2
787,35,Group1
788,35,Group1
789,35,Group1
790,35,Group2
791,35,Group2
792,35,Group2
793,35,Group2
794,35,Group1
795,35,Group1
796,35,Group1
797,35,Group1
798,35,Group1
799,35,Group1
800,34,Group2
801,34,Group2
802,34,Group2
803,34,Group1
804,34,Group2
805,34,Group2
806,34,Group2
807,34,Group1
808,34,Group2
809,33,Group2
810,33,Group1
811,33,Group1
812,33,Group1
813,33,Group2
814,33,Group1
815,33,Group1
816,33,Group1
817,33,Group1
818,33,Group1
819,33,Group1
820,33,Group1
821,32,Group1
822,32,Group2
823,32,Group1
824,32,Group2
825,32,Group1
826,32,Group1
827,32,Group2
828,32,Group1
829,32,Group1
830,32,Group2
831,31,Group2
832,31,Group1
833,31,Group1
834,31,Group2
835,31,Group2
836,31,Group1
837,31,Group2
838,31,Group1
839,31,Group1
840,31,Group1
841,31,Group1
842,31,Group2
843,31,Group2
844,31,Group1
845,30,Group1
846,30,Group1
847,30,Group1
848,30,Group1
849,30,Group2
850,29,Group1
851,29,Group1
852,29,Group1
853,29,Group1
854,29,Group2
855,29,Group1
856,29,Group2
857,29,Group1
858,29,Group2
859,29,Group1
860,29,Group1
861,29,Group1
862,29,Group1
863,29,Group2
864,29,Group2
865,29,Group1
866,28,Group1
867,28,Group1
868,28,Group1
869,28,Group1
870,28,Group2
871,28,Group2
872,28,Group2
873,28,Group1
874,28,Group2
875,28,Group2
876,28,Group2
877,28,Group1
878,28,Group1
879,27,Group1
880,27,Group1
881,27,Group2
882,27,Group1
883,27,Group2
884,27,Group2
885,27,Group1
886,27,Group1
887,27,Group2
888,27,Group1
889,27,Group2
890,27,Group2
891,27,Group2
892,27,Group1
893,27,Group2
894,27,Group2
895,27,Group1
896,26,Group1
897,26,Group2
898,26,Group2
899,26,Group2
900,26,Group2
901,26,Group2
902,26,Group2
903,26,Group2
904,26,Group1
905,25,Group1
906,25,Group1
907,25,Group1
908,25,Group2
909,25,Group2
910,25,Group2
911,25,Group1
912,25,Group2
913,25,Group1
914,25,Group1
915,25,Group2
916,25,Group2
917,25,Group1
918,25,Group2
919,24,Group1
920,24,Group1
921,24,Group2
922,24,Group2
923,24,Group1
924,24,Group2
925,24,Group1
926,24,Group1
927,24,Group2
928,24,Group2
929,24,Group2
930,24,Group2
931,24,Group2
932,24,Group1
933,24,Group2
934,24,Group2
935,24,Group2
936,24,Group2
937,23,Group1
938,23,Group1
939,23,Group1
940,23,Group1
941,23,Group2
942,23,Group2
943,23,Group2
944,23,Group1
945,23,Group1
946,23,Group2
947,23,Group1
948,23,Group2
949,23,Group1
950,22,Group1
951,22,Group2
952,22,Group2
953,22,Group1
954,22,Group2
955,22,Group1
956,22,Group2
957,22,Group1
958,22,Group2
959,22,Group1
960,22,Group2
961,22,Group1
962,22,Group1
963,22,Group1
964,22,Group1
965,22,Group1
966,21,Group1
967,21,Group2
968,21,Group2
969,21,Group1
970,21,Group1
971,21,Group1
972,21,Group1
973,21,Group2
974,21,Group1
975,21,Group1
976,21,Group1
977,21,Group1
978,21,Group1
979,20,Group2
980,20,Group2
981,20,Group1
982,20,Group1
983,20,Group2
984,20,Group2
985,20,Group1
986,20,Group1
987,20,Group1
988,20,Group1
989,20,Group1
990,20,Group2
991,20,Group2
992,20,Group1
993,20,Group1
994,20,Group1
995,20,Group1
996,20,Group1
997,20,Group2
998,20,Group1
999,20,Group1
1000,20,Group2
1001,20,Group1
1002,20,Group2
1003,20,Group1
1004,19,Group1
1005,19,Group1
1006,19,Group2
1007,19,Group1
1008,19,Group1
1009,19,Group1
1010,19,Group2
1011,19,Group1
1012,19,Group2
1013,19,Group1
1014,19,Group2
1015,19,Group2
1016,19,Group2
1017,19,Group1
1018,19,Group1
1019,19,Group2
1020,18,Group1
1021,18,Group2
1022,18,Group2
1023,18,Group2
1024,18,Group2
1025,18,Group1
1026,18,Group2
1027,18,Group2
1028,18,Group1
1029,18,Group2
1030,18,Group1
1031,18,Group1
1032,18,Group1
1033,18,Group1
1034,18,Group1
1035,18,Group1
1036,18,Group2
1037,18,Group2
1038,18,Group1
1039,18,Group2
1040,18,Group2
1041,18,Group2
1042,18,Group2
1043,18,Group1
1044,18,Group1
1045,18,Group1
1046,17,Group1
1047,17,Group2
1048,17,Group2
1049,17,Group1
1050,17,Group1
1051,17,Group1
1052,17,Group2
1053,17,Group2
1054,17,Group2
1055,17,Group2
1056,17,Group1
1057,17,Group2
1058,17,Group2
1059,17,Group2
1060,17,Group2
1061,17,Group2
1062,17,Group2
1063,17,Group2
1064,17,Group1
1065,17,Group1
1066,17,Group1
1067,17,Group2
1068,17,Group1
1069,17,Group1
1070,17,Group1
1071,17,Group1
1072,17,Group1
1073,17,Group1
1074,17,Group1
1075,17,Group1
1076,16,Group2
1077,16,Group1
1078,16,Group1
1079,16,Group2
1080,16,Group1
1081,16,Group1
1082,16,Group1
1083,16,Group1
1084,16,Group1
1085,16,Group1
1086,16,Group1
1087,16,Group1
1088,16,Group1
1089,16,Group1
1090,16,Group1
1091,16,Group1
1092,16,Group1
1093,16,Group1
1094,16,Group2
1095,16,Group1
1096,16,Group2
1097,16,Group1
1098,16,Group1
1099,16,Group1
1100,16,Group1
1101,16,Group2
1102,16,Group1
1103,16,Group1
1104,16,Group2
1105,16,Group1
1106,16,Group1
1107,16,Group2
1108,16,Group2
1109,15,Group2
1110,15,Group2
1111,15,Group2
1112,15,Group2
1113,15,Group1
1114,15,Group1
1115,15,Group2
1116,15,Group2
1117,15,Group1
1118,15,Group1
1119,15,Group2
1120,15,Group1
1121,15,Group1
1122,15,Group1
1123,15,Group1
1124,15,Group2
1125,15,Group2
1126,15,Group2
1127,15,Group2
1128,15,Group1
1129,15,Group2
1130,15,Group1
1131,15,Group1
1132,15,Group1
1133,15,Group2
1134,15,Group2
1135,15,Group2
1136,15,Group1
1137,15,Group1
1138,15,Group1
1139,15,Group1
1140,15,Group1
1141,15,Group1
1142,14,Group2
1143,14,Group1
1144,14,Group2
1145,14,Group1
1146,14,Group2
1147,14,Group2
1148,14,Group2
1149,14,Group1
1150,14,Group2
1151,14,Group1
1152,14,Group1
1153,14,Group2
1154,14,Group1
1155,14,Group2
1156,14,Group1
1157,14,Group2
1158,14,Group2
1159,14,Group1
1160,14,Group1
1161,14,Group2
1162,14,Group1
1163,14,Group2
1164,14,Group1
1165,14,Group2
1166,14,Group1
1167,14,Group2
1168,14,Group1
1169,14,Group2
1170,14,Group2
1171,14,Group2
1172,14,Group2
1173,14,Group2
1174,14,Group1
1175,14,Group1
1176,14,Group1
1177,14,Group1
1178,13,Group1
1179,13,Group2
1180,13,Group1
1181,13,Group1
1182,13,Group1
1183,13,Group1
1184,13,Group1
1185,13,Group1
1186,13,Group1
1187,13,Group2
1188,13,Group1
1189,13,Group1
1190,13,Group1
1191,13,Group1
1192,13,Group1
1193,13,Group1
1194,13,Group2
1195,13,Group2
1196,13,Group2
1197,13,Group1
1198,13,Group1
1199,13,Group1
1200,13,Group2
1201,13,Group2
1202,13,Group2
1203,13,Group1
1204,13,Group2
1205,13,Group1
1206,13,Group2
1207,13,Group2
1208,12,Group1
1209,12,Group1
1210,12,Group1
1211,12,Group2
1212,12,Group1
1213,12,Group1
1214,12,Group1
1215,12,Group2
1216,12,Group1
1217,12,Group1
1218,12,Group2
1219,12,Group2
1220,12,Group2
1221,12,Group2
1222,12,Group1
1223,12,Group2
1224,12,Group1
1225,12,Group2
1226,12,Group2
1227,12,Group2
1228,12,Group2
1229,12,Group2
1230,12,Group1
1231,12,Group2
1232,12,Group1
1233,12,Group2
1234,12,Group1
1235,12,Group2
1236,12,Group2
1237,12,Group1
1238,12,Group2
1239,12,Group2
1240,12,Group1
1241,12,Group1
1242,12,Group2
1243,12,Group2
1244,12,Group2
1245,12,Group2
1246,11,Group1
1247,11,Group2
1248,11,Group2
1249,11,Group2
1250,11,Group1
1251,11,Group2
1252,11,Group1
1253,11,Group2
1254,11,Group1
1255,11,Group1
1256,11,Group2
1257,11,Group1
1258,11,Group1
1259,11,Group2
1260,11,Group1
1261,11,Group2
1262,11,Group1
1263,11,Group1
1264,11,Group1
1265,11,Group2
1266,11,Group2
1267,11,Group2
1268,11,Group1
1269,11,Group2
1270,11,Group2
1271,11,Group2
1272,11,Group2
1273,11,Group2
1274,11,Group1
1275,11,Group1
1276,11,Group2
1277,11,Group1
1278,11,Group2
1279,11,Group1
1280,11,Group1
1281,11,Group1
1282,11,Group1
1283,11,Group1
1284,11,Group2
1285,11,Group1
1286,11,Group2
1287,11,Group1
1288,10,Group1
1289,10,Group1
1290,10,Group2
1291,10,Group1
1292,10,Group1
1293,10,Group1
1294,10,Group1
1295,10,Group2
1296,10,Group1
1297,10,Group1
1298,10,Group1
1299,10,Group2
1300,10,Group2
1301,10,Group1
1302,10,Group1
1303,10,Group1
1304,10,Group1
1305,10,Group1
1306,10,Group1
1307,10,Group2
1308,10,Group1
1309,10,Group1
1310,10,Group1
1311,10,Group2
1312,10,Group2
1313,10,Group1
1314,10,Group2
1315,10,Group2
1316,10,Group2
1317,10,Group2
1318,10,Group2
1319,10,Group2
1320,10,Group2
1321,10,Group2
1322,10,Group1
1323,10,Group2
1324,10,Group2
1325,10,Group2
1326,10,Group2
1327,10,Group1
1328,10,Group1
1329,10,Group2
1330,10,Group2
1331,10,Group2
1332,10,Group1
1333,10,Group1
1334,10,Group1
1335,10,Group2
1336,10,Group1
1337,10,Group2
1338,10,Group2
1339,9,Group1
1340,9,Group1
1341,9,Group1
1342,9,Group2
1343,9,Group2
1344,9,Group2
1345,9,Group2
1346,9,Group1
1347,9,Group1
1348,9,Group1
1349,9,Group1
1350,9,Group1
1351,9,Group2
1352,9,Group1
1353,9,Group1
1354,9,Group2
1355,9,Group2
1356,9,Group2
1357,9,Group1
1358,9,Group2
1359,9,Group1
1360,9,Group1
1361,9,Group1
1362,9,Group2
1363,9,Group2
1364,9,Group2
1365,9,Group1
1366,9,Group2
1367,9,Group2
1368,9,Group1
1369,9,Group1
1370,9,Group1
1371,9,Group1
1372,9,Group2
1373,9,Group1
1374,9,Group2
1375,9,Group1
1376,9,Group2
1377,9,Group2
1378,9,Group1
1379,9,Group1
1380,9,Group2
1381,9,Group2
1382,9,Group1
1383,9,Group1
1384,9,Group2
1385,8,Group1
1386,8,Group1
1387,8,Group1
1388,8,Group2
1389,8,Group1
1390,8,Group2
1391,8,Group2
1392,8,Group1
1393,8,Group1
1394,8,Group1
1395,8,Group1
1396,8,Group1
1397,8,Group1
1398,8,Group2
1399,8,Group2
1400,8,Group2
1401,8,Group1
1402,8,Group1
1403,8,Group1
1404,8,Group2
1405,8,Group1
1406,8,Group2
1407,8,Group2
1408,8,Group2
1409,8,Group2
1410,8,Group1
1411,8,Group1
1412,8,Group1
1413,8,Group1
1414,8,Group2
1415,8,Group1
1416,8,Group2
1417,8,Group2
1418,8,Group2
1419,8,Group2
1420,8,Group2
1421,8,Group2
1422,8,Group1
1423,8,Group1
1424,8,Group2
1425,8,Group2
1426,8,Group2
1427,8,Group2
1428,8,Group1
1429,8,Group2
1430,8,Group1
1431,8,Group1
1432,8,Group1
1433,8,Group2
1434,8,Group2
1435,8,Group2
1436,8,Group1
1437,8,Group1
1438,8,Group1
1439,8,Group2
1440,8,Group1
1441,8,Group2
1442,8,Group1
1443,8,Group2
1444,8,Group1
1445,8,Group1
1446,8,Group1
1447,8,Group2
1448,8,Group1
1449,8,Group1
1450,8,Group2
1451,8,Group1
1452,8,Group1
1453,7,Group2
1454,7,Group1
1455,7,Group1
1456,7,Group2
1457,7,Group1
1458,7,Group2
1459,7,Group2
1460,7,Group1
1461,7,Group2
1462,7,Group2
1463,7,Group1
1464,7,Group1
1465,7,Group1
1466,7,Group2
1467,7,Group1
1468,7,Group1
1469,7,Group2
1470,7,Group1
1471,7,Group1
1472,7,Group2
1473,7,Group2
1474,7,Group2
1475,7,Group1
1476,7,Group1
1477,7,Group1
1478,7,Group1
1479,7,Group1
1480,7,Group1
1481,7,Group1
1482,7,Group2
1483,7,Group1
1484,7,Group1
1485,7,Group1
1486,7,Group2
1487,7,Group1
1488,7,Group2
1489,7,Group1
1490,7,Group2
1491,7,Group1
1492,7,Group2
1493,7,Group1
1494,7,Group1
1495,7,Group2
1496,7,Group1
1497,7,Group2
1498,7,Group1
1499,7,Group2
1500,7,Group1
1501,7,Group2
1502,7,Group1
1503,7,Group2
1504,7,Group1
1505,7,Group1
1506,7,Group1
1507,7,Group2
1508,7,Group1
1509,7,Group1
1510,7,Group1
1511,7,Group2
1512,7,Group1
1513,7,Group1
1514,7,Group2
1515,7,Group2
1516,7,Group2
1517,7,Group1
1518,7,Group2
1519,7,Group1
1520,7,Group1
1521,7,Group2
1522,7,Group1
1523,7,Group2
1524,7,Group1
1525,7,Group2
1526,7,Group1
1527,7,Group1
1528,7,Group1
1529,6,Group1
1530,6,Group1
1531,6,Group1
1532,6,Group2
1533,6,Group1
1534,6,Group1
1535,6,Group2
1536,6,Group2
1537,6,Group1
1538,6,Group1
1539,6,Group1
1540,6,Group2
1541,6,Group1
1542,6,Group1
1543,6,Group2
1544,6,Group1
1545,6,Group1
1546,6,Group1
1547,6,Group1
1548,6,Group2
1549,6,Group1
1550,6,Group1
1551,6,Group1
1552,6,Group2
1553,6,Group1
1554,6,Group2
1555,6,Group1
1556,6,Group2
1557,6,Group1
1558,6,Group1
1559,6,Group1
1560,6,Group1
1561,6,Group1
1562,6,Group2
1563,6,Group1
1564,6,Group2
1565,6,Group1
1566,6,Group2
1567,6,Group1
1568,6,Group2
1569,6,Group2
1570,6,Group2
1571,6,Group1
1572,6,Group2
1573,6,Group1
1574,6,Group1
1575,6,Group2
1576,6,Group1
1577,6,Group2
1578,6,Group1
1579,6,Group2
1580,6,Group2
1581,6,Group1
1582,6,Group2
1583,6,Group2
1584,6,Group2
1585,6,Group2
1586,6,Group2
1587,6,Group2
1588,6,Group2
1589,6,Group1
1590,6,Group2
1591,6,Group2
1592,6,Group2
1593,6,Group1
1594,6,Group1
1595,6,Group1
1596,6,Group2
1597,6,Group1
1598,6,Group2
1599,6,Group2
1600,6,Group2
1601,6,Group2
1602,6,Group2
1603,6,Group1
1604,6,Group2
1605,6,Group2
1606,6,Group2
1607,6,Group2
1608,6,Group2
1609,6,Group2
1610,6,Group2
1611,6,Group1
1612,6,Group2
1613,6,Group1
1614,6,Group1
1615,6,Group1
1616,6,Group1
1617,6,Group1
1618,6,Group1
1619,6,Group2
1620,6,Group1
1621,6,Group1
1622,5,Group1
1623,5,Group2
1624,5,Group2
1625,5,Group1
1626,5,Group2
1627,5,Group2
1628,5,Group2
1629,5,Group1
1630,5,Group1
1631,5,Group2
1632,5,Group2
1633,5,Group1
1634,5,Group2
1635,5,Group2
1636,5,Group2
1637,5,Group1
1638,5,Group1
1639,5,Group2
1640,5,Group2
1641,5,Group1
1642,5,Group2
1643,5,Group2
1644,5,Group1
1645,5,Group1
1646,5,Group1
1647,5,Group1
1648,5,Group1
1649,5,Group2
1650,5,Group2
1651,5,Group1
1652,5,Group2
1653,5,Group1
1654,5,Group2
1655,5,Group1
1656,5,Group1
1657,5,Group1
1658,5,Group2
1659,5,Group2
1660,5,Group2
1661,5,Group1
1662,5,Group2
1663,5,Group1
1664,5,Group1
1665,5,Group1
1666,5,Group2
1667,5,Group1
1668,5,Group1
1669,5,Group1
1670,5,Group2
1671,5,Group2
1672,5,Group1
1673,5,Group1
1674,5,Group1
1675,5,Group1
1676,5,Group1
1677,5,Group1
1678,5,Group2
1679,5,Group2
1680,5,Group1
1681,5,Group1
1682,5,Group1
1683,5,Group1
1684,5,Group1
1685,5,Group1
1686,5,Group2
1687,5,Group2
1688,5,Group1
1689,5,Group1
1690,5,Group1
1691,5,Group2
1692,5,Group1
1693,5,Group1
1694,5,Group1
1695,5,Group2
1696,5,Group1
1697,5,Group1
1698,5,Group2
1699,5,Group1
1700,5,Group1
1701,5,Group2
1702,5,Group1
1703,5,Group2
1704,5,Group1
1705,5,Group1
1706,5,Group1
1707,5,Group1
1708,5,Group1
1709,5,Group2
1710,5,Group1
1711,5,Group1
1712,5,Group1
1713,5,Group1
1714,5,Group1
1715,5,Group2
1716,5,Group2
1717,5,Group2
1718,5,Group2
1719,5,Group2
1720,5,Group1
1721,5,Group2
1722,5,Group2
1723,5,Group2
1724,5,Group2
1725,5,Group2
1726,5,Group2
1727,5,Group2
1728,5,Group2
1729,4,Group1
1730,4,Group1
1731,4,Group1
1732,4,Group2
1733,4,Group1
1734,4,Group1
1735,4,Group1
1736,4,Group2
1737,4,Group2
1738,4,Group1
1739,4,Group2
1740,4,Group1
1741,4,Group1
1742,4,Group1
1743,4,Group1
1744,4,Group2
1745,4,Group2
1746,4,Group1
1747,4,Group2
1748,4,Group2
1749,4,Group1
1750,4,Group1
1751,4,Group1
1752,4,Group2
1753,4,Group2
1754,4,Group1
1755,4,Group2
1756,4,Group1
1757,4,Group1
1758,4,Group1
1759,4,Group1
1760,4,Group2
1761,4,Group2
1762,4,Group2
1763,4,Group2
1764,4,Group2
1765,4,Group1
1766,4,Group2
1767,4,Group1
1768,4,Group2
1769,4,Group2
1770,4,Group2
1771,4,Group2
1772,4,Group1
1773,4,Group2
1774,4,Group2
1775,4,Group1
1776,4,Group2
1777,4,Group2
1778,4,Group2
1779,4,Group2
1780,4,Group2
1781,4,Group2
1782,4,Group2
1783,4,Group2
1784,4,Group2
1785,4,Group2
1786,4,Group1
1787,4,Group2
1788,4,Group1
1789,4,Group1
1790,4,Group2
1791,4,Group2
1792,4,Group1
1793,4,Group2
1794,4,Group2
1795,4,Group2
1796,4,Group1
1797,4,Group2
1798,4,Group2
1799,4,Group2
1800,4,Group2
1801,4,Group1
1802,4,Group2
1803,4,Group1
1804,4,Group2
1805,4,Group2
1806,4,Group1
1807,4,Group2
1808,4,Group1
1809,4,Group1
1810,4,Group2
1811,4,Group1
1812,4,Group2
1813,4,Group2
1814,4,Group2
1815,4,Group1
1816,4,Group2
1817,4,Group1
1818,4,Group2
1819,4,Group1
1820,4,Group2
1821,4,Group2
1822,4,Group2
1823,4,Group1
1824,4,Group2
1825,4,Group1
1826,4,Group2
1827,4,Group1
1828,4,Group1
1829,4,Group2
1830,4,Group2
1831,4,Group1
1832,4,Group1
1833,4,Group1
1834,4,Group2
1835,4,Group1
1836,4,Group2
1837,4,Group1
1838,4,Group2
1839,4,Group1
1840,4,Group2
1841,4,Group1
1842,4,Group2
1843,4,Group1
1844,4,Group2
1845,4,Group1
1846,4,Group1
1847,3,Group2
1848,3,Group2
1849,3,Group2
1850,3,Group1
1851,3,Group2
1852,3,Group2
1853,3,Group1
1854,3,Group1
1855,3,Group2
1856,3,Group1
1857,3,Group2
1858,3,Group2
1859,3,Group2
1860,3,Group2
1861,3,Group1
1862,3,Group1
1863,3,Group2
1864,3,Group2
1865,3,Group2
1866,3,Group1
1867,3,Group2
1868,3,Group2
1869,3,Group1
1870,3,Group1
1871,3,Group2
1872,3,Group2
1873,3,Group2
1874,3,Group2
1875,3,Group1
1876,3,Group2
1877,3,Group2
1878,3,Group1
1879,3,Group2
1880,3,Group2
1881,3,Group2
1882,3,Group1
1883,3,Group2
1884,3,Group2
1885,3,Group2
1886,3,Group1
1887,3,Group2
1888,3,Group2
1889,3,Group2
1890,3,Group1
1891,3,Group1
1892,3,Group2
1893,3,Group2
1894,3,Group1
1895,3,Group2
1896,3,Group2
1897,3,Group2
1898,3,Group1
1899,3,Group1
1900,3,Group2
1901,3,Group2
1902,3,Group1
1903,3,Group1
1904,3,Group2
1905,3,Group2
1906,3,Group1
1907,3,Group1
1908,3,Group2
1909,3,Group2
1910,3,Group1
1911,3,Group1
1912,3,Group2
1913,3,Group2
1914,3,Group1
1915,3,Group1
1916,3,Group2
1917,3,Group2
1918,3,Group1
1919,3,Group1
1920,3,Group2
1921,3,Group1
1922,3,Group1
1923,3,Group1
1924,3,Group1
1925,3,Group2
1926,3,Group1
1927,3,Group1
1928,3,Group1
1929,3,Group1
1930,3,Group1
1931,3,Group1
1932,3,Group2
1933,3,Group2
1934,3,Group1
1935,3,Group1
1936,3,Group1
1937,3,Group2
1938,3,Group2
1939,3,Group1
1940,3,Group1
1941,3,Group2
1942,3,Group1
1943,3,Group2
1944,3,Group1
1945,3,Group2
1946,3,Group1
1947,3,Group2
1948,3,Group1
1949,3,Group1
1950,3,Group2
1951,3,Group1
1952,3,Group2
1953,3,Group1
1954,3,Group2
1955,3,Group1
1956,3,Group1
1957,3,Group1
1958,3,Group2
1959,3,Group1
1960,3,Group2
1961,3,Group1
1962,3,Group2
1963,3,Group1
1964,3,Group1
1965,3,Group1
1966,3,Group2
1967,3,Group1
1968,3,Group2
1969,3,Group1
1970,3,Group2
1971,3,Group1
1972,3,Group2
1973,3,Group2
1974,3,Group1
1975,3,Group1
1976,3,Group2
1977,3,Group1
1978,3,Group2
1979,3,Group2
1980,3,Group2
1981,3,Group1
1982,3,Group2
1983,3,Group2
1984,3,Group1
1985,3,Group1
1986,3,Group1
1987,3,Group1
1988,3,Group2
1989,3,Group1
1990,3,Group2
1991,3,Group1
1992,3,Group1
1993,3,Group1
1994,3,Group2
1995,3,Group2
1996,3,Group2
1997,3,Group1
1998,3,Group2
1999,3,Group2
2000,3,Group2
2001,3,Group1
2002,3,Group2
2003,3,Group2
2004,3,Group2
2005,3,Group1
2006,3,Group2
2007,3,Group2
2008,3,Group2
2009,3,Group1
2010,3,Group2
2011,3,Group1
2012,3,Group1
2013,3,Group1
2014,3,Group1
2015,3,Group1
2016,2,Group1
2017,2,Group1
2018,2,Group1
2019,2,Group2
2020,2,Group1
2021,2,Group1
2022,2,Group2
2023,2,Group2
2024,2,Group1
2025,2,Group1
2026,2,Group1
2027,2,Group2
2028,2,Group1
2029,2,Group1
2030,2,Group2
2031,2,Group1
2032,2,Group1
2033,2,Group1
2034,2,Group1
2035,2,Group1
2036,2,Group2
2037,2,Group1
2038,2,Group1
2039,2,Group2
2040,2,Group1
2041,2,Group1
2042,2,Group1
2043,2,Group2
2044,2,Group2
2045,2,Group1
2046,2,Group2
2047,2,Group1
2048,2,Group1
2049,2,Group1
2050,2,Group1
2051,2,Group1
2052,2,Group2
2053,2,Group1
2054,2,Group2
2055,2,Group2
2056,2,Group1
2057,2,Group1
2058,2,Group1
2059,2,Group2
2060,2,Group2
2061,2,Group1
2062,2,Group2
2063,2,Group1
2064,2,Group1
2065,2,Group1
2066,2,Group1
2067,2,Group2
2068,2,Group2
2069,2,Group1
2070,2,Group2
2071,2,Group2
2072,2,Group1
2073,2,Group1
2074,2,Group1
2075,2,Group2
2076,2,Group2
2077,2,Group1
2078,2,Group2
2079,2,Group1
2080,2,Group1
2081,2,Group1
2082,2,Group1
2083,2,Group2
2084,2,Group2
2085,2,Group2
2086,2,Group2
2087,2,Group2
2088,2,Group1
2089,2,Group1
2090,2,Group1
2091,2,Group2
2092,2,Group2
2093,2,Group2
2094,2,Group2
2095,2,Group1
2096,2,Group2
2097,2,Group1
2098,2,Group2
2099,2,Group2
2100,2,Group2
2101,2,Group2
2102,2,Group2
2103,2,Group1
2104,2,Group2
2105,2,Group2
2106,2,Group2
2107,2,Group2
2108,2,Group2
2109,2,Group2
2110,2,Group2
2111,2,Group2
2112,2,Group2
2113,2,Group2
2114,2,Group2
2115,2,Group2
2116,2,Group2
2117,2,Group1
2118,2,Group2
2119,2,Group1
2120,2,Group2
2121,2,Group2
2122,2,Group2
2123,2,Group2
2124,2,Group2
2125,2,Group1
2126,2,Group2
2127,2,Group2
2128,2,Group2
2129,2,Group2
2130,2,Group2
2131,2,Group2
2132,2,Group2
2133,2,Group1
2134,2,Group2
2135,2,Group1
2136,2,Group2
2137,2,Group2
2138,2,Group2
2139,2,Group2
2140,2,Group2
2141,2,Group2
2142,2,Group1
2143,2,Group2
2144,2,Group2
2145,2,Group2
2146,2,Group2
2147,2,Group2
2148,2,Group2
2149,2,Group2
2150,2,Group1
2151,2,Group2
2152,2,Group2
2153,2,Group2
2154,2,Group1
2155,2,Group2
2156,2,Group2
2157,2,Group2
2158,2,Group1
2159,2,Group2
2160,2,Group2
2161,2,Group2
2162,2,Group2
2163,2,Group2
2164,2,Group2
2165,2,Group2
2166,2,Group1
2167,2,Group2
2168,2,Group2
2169,2,Group2
2170,2,Group2
2171,2,Group2
2172,2,Group1
2173,2,Group2
2174,2,Group1
2175,2,Group2
2176,2,Group1
2177,2,Group1
2178,2,Group2
2179,2,Group2
2180,2,Group1
2181,2,Group2
2182,2,Group1
2183,2,Group1
2184,2,Group1
2185,2,Group1
2186,2,Group2
2187,2,Group2
2188,2,Group2
2189,2,Group2
2190,2,Group2
2191,2,Group1
2192,2,Group2
2193,2,Group2
2194,2,Group2
2195,2,Group2
2196,2,Group2
2197,2,Group2
2198,2,Group1
2199,2,Group2
2200,2,Group2
2201,2,Group2
2202,2,Group2
2203,2,Group1
2204,2,Group2
2205,2,Group2
2206,2,Group1
2207,2,Group2
2208,2,Group2
2209,2,Group2
2210,2,Group2
2211,2,Group2
2212,2,Group1
2213,2,Group2
2214,2,Group2
2215,2,Group2
2216,2,Group1
2217,2,Group2
2218,2,Group1
2219,2,Group2
2220,2,Group1
2221,2,Group2
2222,2,Group2
2223,2,Group2
2224,2,Group2
2225,2,Group2
2226,2,Group2
2227,2,Group2
2228,2,Group2
2229,2,Group2
2230,2,Group1
2231,2,Group1
2232,2,Group1
2233,2,Group1
2234,2,Group1
2235,2,Group1
2236,2,Group1
2237,2,Group1
2238,2,Group1
2239,2,Group1
2240,2,Group1
2241,2,Group1
2242,2,Group1
2243,2,Group1
2244,2,Group1
2245,2,Group1
2246,2,Group1
2247,2,Group1
2248,1,Group2
2249,1,Group2
2250,1,Group1
2251,1,Group1
2252,1,Group1
2253,1,Group2
2254,1,Group2
2255,1,Group1
2256,1,Group2
2257,1,Group2
2258,1,Group1
2259,1,Group2
2260,1,Group2
2261,1,Group2
2262,1,Group2
2263,1,Group1
2264,1,Group2
2265,1,Group2
2266,1,Group1
2267,1,Group1
2268,1,Group2
2269,1,Group2
2270,1,Group2
2271,1,Group1
2272,1,Group2
2273,1,Group2
2274,1,Group2
2275,1,Group2
2276,1,Group2
2277,1,Group2
2278,1,Group2
2279,1,Group1
2280,1,Group2
2281,1,Group2
2282,1,Group2
2283,1,Group1
2284,1,Group2
2285,1,Group2
2286,1,Group2
2287,1,Group1
2288,1,Group2
2289,1,Group1
2290,1,Group2
2291,1,Group2
2292,1,Group2
2293,1,Group2
2294,1,Group2
2295,1,Group1
2296,1,Group2
2297,1,Group1
2298,1,Group2
2299,1,Group1
2300,1,Group2
2301,1,Group2
2302,1,Group2
2303,1,Group1
2304,1,Group2
2305,1,Group2
2306,1,Group2
2307,1,Group2
2308,1,Group2
2309,1,Group2
2310,1,Group2
2311,1,Group1
2312,1,Group2
2313,1,Group2
2314,1,Group2
2315,1,Group1
2316,1,Group2
2317,1,Group2
2318,1,Group2
2319,1,Group1
2320,1,Group2
2321,1,Group2
2322,1,Group2
2323,1,Group2
2324,1,Group2
2325,1,Group2
2326,1,Group2
2327,1,Group1
2328,1,Group2
2329,1,Group2
2330,1,Group2
2331,1,Group1
2332,1,Group2
2333,1,Group2
2334,1,Group2
2335,1,Group1
2336,1,Group2
2337,1,Group2
2338,1,Group2
2339,1,Group2
2340,1,Group2
2341,1,Group2
2342,1,Group2
2343,1,Group1
2344,1,Group2
2345,1,Group2
2346,1,Group2
2347,1,Group1
2348,1,Group2
2349,1,Group2
2350,1,Group2
2351,1,Group1
2352,1,Group1
2353,1,Group2
2354,1,Group2
2355,1,Group2
2356,1,Group2
2357,1,Group1
2358,1,Group2
2359,1,Group1
2360,1,Group2
2361,1,Group2
2362,1,Group2
2363,1,Group1
2364,1,Group2
2365,1,Group1
2366,1,Group2
2367,1,Group1
2368,1,Group2
2369,1,Group2
2370,1,Group2
2371,1,Group2
2372,1,Group2
2373,1,Group2
2374,1,Group2
2375,1,Group1
2376,1,Group2
2377,1,Group2
2378,1,Group2
2379,1,Group1
2380,1,Group2
2381,1,Group2
2382,1,Group2
2383,1,Group1
2384,1,Group2
2385,1,Group2
2386,1,Group2
2387,1,Group2
2388,1,Group2
2389,1,Group2
2390,1,Group2
2391,1,Group1
2392,1,Group2
2393,1,Group2
2394,1,Group2
2395,1,Group1
2396,1,Group2
2397,1,Group1
2398,1,Group2
2399,1,Group1
2400,1,Group1
2401,1,Group2
2402,1,Group2
2403,1,Group2
2404,1,Group2
2405,1,Group1
2406,1,Group2
2407,1,Group1
2408,1,Group1
2409,1,Group1
2410,1,Group2
2411,1,Group1
2412,1,Group2
2413,1,Group1
2414,1,Group2
2415,1,Group1
2416,1,Group1
2417,1,Group1
2418,1,Group2
2419,1,Group2
2420,1,Group2
2421,1,Group1
2422,1,Group2
2423,1,Group1
2424,1,Group1
2425,1,Group1
2426,1,Group1
2427,1,Group1
2428,1,Group2
2429,1,Group1
2430,1,Group2
2431,1,Group1
2432,1,Group1
2433,1,Group1
2434,1,Group2
2435,1,Group2
2436,1,Group2
2437,1,Group1
2438,1,Group2
2439,1,Group1
2440,1,Group1
2441,1,Group1
2442,1,Group2
2443,1,Group1
2444,1,Group1
2445,1,Group1
2446,1,Group2
2447,1,Group1
2448,1,Group1
2449,1,Group1
2450,1,Group2
2451,1,Group2
2452,1,Group1
2453,1,Group1
2454,1,Group2
2455,1,Group1
2456,1,Group1
2457,1,Group1
2458,1,Group2
2459,1,Group2
2460,1,Group1
2461,1,Group1
2462,1,Group1
2463,1,Group1
2464,1,Group1
2465,1,Group1
2466,1,Group1
2467,1,Group1
2468,1,Group1
2469,1,Group1
2470,1,Group2
2471,1,Group1
2472,1,Group1
2473,1,Group1
2474,1,Group2
2475,1,Group2
2476,1,Group1
2477,1,Group1
2478,1,Group1
2479,1,Group1
2480,1,Group1
2481,1,Group1
2482,1,Group2
2483,1,Group1
2484,1,Group1
2485,1,Group1
2486,1,Group2
2487,1,Group1
2488,1,Group1
2489,1,Group1
2490,1,Group2
2491,1,Group2
2492,1,Group2
2493,1,Group1
2494,1,Group1
2495,1,Group1
2496,1,Group1
2497,1,Group1
2498,1,Group1
2499,1,Group1
2500,1,Group1
2501,1,Group1
2502,1,Group1
2503,1,Group1
2504,1,Group1
2505,1,Group1
2506,1,Group1
2507,1,Group2
2508,1,Group1
2509,1,Group1
2510,1,Group1
2511,1,Group1
2512,1,Group1
2513,1,Group1
2514,1,Group1
2515,1,Group1
2516,1,Group1
2517,1,Group1
2518,1,Group1
2519,1,Group2
2520,1,Group1
2521,1,Group2
2522,1,Group1
2523,1,Group2
2524,1,Group2
2525,1,Group2
2526,1,Group2
2527,1,Group2
2528,1,Group2
2529,1,Group2
2530,1,Group2
2531,1,Group2
2532,1,Group2
2533,1,Group2
2534,1,Group1
2535,1,Group2
2536,1,Group2
2537,1,Group2
2538,1,Group1
2539,1,Group2
2540,1,Group2
2541,1,Group2
2542,1,Group2
2543,1,Group2
2544,1,Group2
2545,1,Group2
2546,1,Group2
2547,1,Group1
2548,1,Group2
2549,1,Group2
2550,1,Group2
2551,1,Group2
2552,1,Group2
2553,1,Group2
2554,1,Group2
2555,1,Group2
2556,1,Group1
2557,1,Group2
2558,1,Group2
2559,1,Group1
2560,1,Group1
2561,1,Group1
2562,1,Group2
2563,1,Group1
2564,1,Group1
2565,1,Group1
2566,1,Group2
2567,1,Group2
2568,1,Group1
2569,1,Group1
2570,1,Group2
2571,1,Group2
2572,1,Group1
2573,1,Group1
2574,1,Group2
2575,1,Group2
2576,1,Group1
2577,1,Group1
2578,1,Group2
2579,1,Group2
2580,1,Group2
2581,1,Group2
2582,1,Group2
2583,1,Group2
2584,1,Group2
2585,1,Group2
2586,1,Group2
2587,1,Group2
2588,1,Group2
2589,1,Group2
2590,1,Group2
2591,1,Group2
2592,1,Group2
2593,1,Group2
2594,1,Group2
2595,1,Group2
