id,sent_messages,user_group
2148,9636,Group1
1189,8812,Group1
1553,7821,Group1
2112,7354,Group1
62,6999,Group1
361,6830,Group1
1955,6378,Group1
1354,6271,Group1
2552,6112,Group2
576,6066,Group1
334,5472,Group2
2405,5472,Group1
1897,5427,Group1
493,5357,Group1
1257,5191,Group1
198,5185,Group1
1372,5138,Group2
131,5018,Group2
574,4905,Group2
948,4794,Group1
1658,4755,Group2
364,4723,Group2
467,4686,Group2
2525,4638,Group1
369,4374,Group1
767,4347,Group1
122,4143,Group1
1227,3961,Group1
1135,3894,Group1
503,3882,Group1
463,3873,Group1
367,3855,Group2
673,3774,Group1
1071,3690,Group1
1116,3646,Group1
1381,3567,Group1
528,3566,Group1
2166,3339,Group1
681,3324,Group1
1515,3321,Group1
2261,3317,Group1
441,3313,Group2
2384,3299,Group1
512,3236,Group1
401,3184,Group1
1987,3182,Group2
532,3170,Group1
602,3141,Group1
250,3114,Group1
726,3076,Group1
2493,3053,Group1
1307,3024,Group1
2241,2990,Group2
1564,2950,Group1
552,2911,Group2
1580,2867,Group1
1404,2855,Group1
1557,2795,Group1
2475,2708,Group1
1179,2678,Group1
1271,2654,Group1
1088,2633,Group2
1499,2619,Group1
21,2591,Group1
877,2591,Group1
556,2576,Group1
432,2570,Group1
381,2566,Group1
289,2532,Group1
1953,2518,Group2
476,2426,Group1
388,2406,Group1
868,2363,Group1
329,2317,Group2
2352,2270,Group1
953,2209,Group1
1788,2209,Group2
534,2187,Group1
752,2174,Group1
2345,2157,Group1
1203,2150,Group1
383,2142,Group1
2180,2124,Group1
1246,2114,Group1
1254,2102,Group2
1464,2101,Group1
199,2100,Group1
2529,2033,Group1
535,2004,Group1
1571,1996,Group1
1577,1940,Group1
312,1919,Group2
660,1898,Group1
832,1883,Group1
184,1851,Group1
479,1827,Group1
1843,1796,Group1
1964,1796,Group1
2201,1792,Group1
115,1792,Group1
2423,1789,Group1
1621,1782,Group1
676,1769,Group2
1859,1766,Group1
1883,1755,Group1
161,1755,Group1
1845,1754,Group2
1582,1751,Group1
311,1739,Group1
560,1693,Group1
453,1662,Group2
1895,1648,Group2
899,1643,Group1
426,1616,Group1
1470,1602,Group1
1774,1600,Group1
1331,1594,Group2
1643,1576,Group2
2045,1574,Group1
2428,1568,Group1
2208,1559,Group1
1351,1553,Group1
795,1540,Group1
731,1532,Group1
2184,1530,Group2
263,1516,Group1
1167,1484,Group1
485,1478,Group1
261,1466,Group1
402,1451,Group2
1429,1448,Group1
896,1440,Group1
2376,1440,Group2
549,1421,Group1
783,1416,Group1
818,1405,Group1
862,1398,Group1
233,1388,Group1
1492,1387,Group2
213,1375,Group1
1495,1372,Group1
1396,1372,Group1
278,1371,Group1
1049,1370,Group1
1454,1368,Group1
4,1367,Group1
1531,1366,Group1
1581,1365,Group1
1108,1361,Group1
1896,1356,Group1
1504,1351,Group2
813,1346,Group1
1310,1345,Group1
1794,1344,Group1
1437,1339,Group1
257,1337,Group1
1592,1335,Group1
2273,1332,Group1
785,1324,Group2
1725,1316,Group1
1036,1294,Group2
704,1287,Group1
223,1287,Group1
1683,1275,Group2
1002,1264,Group1
634,1262,Group1
1255,1259,Group1
797,1249,Group1
1059,1229,Group2
2438,1209,Group2
2320,1209,Group1
1449,1197,Group1
1706,1196,Group1
594,1194,Group1
337,1188,Group1
1032,1185,Group1
154,1182,Group2
1532,1166,Group1
1163,1164,Group1
114,1134,Group1
1044,1127,Group1
227,1119,Group1
5,1106,Group1
1147,1106,Group1
2153,1091,Group1
1879,1091,Group1
2054,1086,Group1
1450,1086,Group1
668,1085,Group1
1775,1081,Group2
2557,1080,Group2
242,1065,Group1
643,1064,Group1
580,1055,Group2
1601,1054,Group1
125,1044,Group1
2303,1041,Group1
1422,1029,Group1
2370,1023,Group1
911,1020,Group1
1545,1019,Group1
2369,1007,Group1
1382,1006,Group1
1719,1001,Group1
2363,1000,Group1
1376,998,Group2
1954,991,Group1
1686,979,Group1
103,970,Group1
1951,969,Group1
706,969,Group1
557,955,Group1
1267,953,Group1
970,947,Group2
685,944,Group2
1132,937,Group1
1806,932,Group2
1939,930,Group1
1253,929,Group2
1528,921,Group1
2188,913,Group1
1676,910,Group1
1001,910,Group1
1559,909,Group1
926,907,Group2
1089,905,Group2
2328,904,Group1
2536,903,Group1
390,902,Group1
1276,896,Group1
429,891,Group1
2032,890,Group1
2380,889,Group1
2365,887,Group2
1709,885,Group2
341,876,Group2
903,872,Group2
1219,872,Group1
1924,867,Group2
1670,866,Group2
2528,847,Group1
1698,847,Group1
423,845,Group1
303,841,Group1
1767,834,Group1
2283,833,Group1
1107,829,Group1
2490,825,Group1
2177,821,Group2
729,821,Group2
775,820,Group1
1378,820,Group1
1350,820,Group1
82,819,Group2
265,816,Group1
956,811,Group2
915,807,Group1
137,806,Group2
447,799,Group1
216,797,Group1
1395,796,Group1
666,795,Group2
357,791,Group2
2262,787,Group1
258,778,Group1
296,774,Group2
850,768,Group1
967,760,Group1
273,754,Group2
293,751,Group1
1291,749,Group1
2254,749,Group1
2098,746,Group2
1419,745,Group1
1194,741,Group1
128,741,Group2
1083,737,Group1
1033,735,Group1
845,734,Group1
2454,731,Group1
710,727,Group2
2553,726,Group1
1656,722,Group1
1416,717,Group1
307,710,Group1
2330,709,Group2
347,707,Group1
1305,703,Group1
2318,703,Group1
879,702,Group1
672,701,Group1
1579,696,Group1
1341,692,Group1
11,690,Group1
2562,689,Group1
1435,687,Group1
804,685,Group1
941,683,Group1
1248,676,Group1
2243,675,Group1
793,675,Group2
651,674,Group2
1457,673,Group1
285,671,Group2
482,668,Group2
1064,668,Group1
2341,661,Group1
43,661,Group1
1892,661,Group1
1152,655,Group1
1426,654,Group2
1758,653,Group1
200,652,Group1
1472,647,Group2
1687,646,Group1
1710,645,Group1
428,645,Group1
1765,644,Group1
2209,643,Group1
2113,640,Group1
1538,637,Group1
2271,635,Group1
2066,633,Group1
1593,633,Group1
746,620,Group1
759,618,Group1
144,618,Group1
468,618,Group1
720,617,Group1
34,616,Group2
1755,612,Group1
2477,607,Group1
1927,605,Group1
2471,604,Group1
975,601,Group1
2419,598,Group1
1011,598,Group1
164,596,Group1
1799,595,Group1
790,594,Group2
500,593,Group2
863,592,Group1
2135,591,Group2
2381,590,Group1
2101,590,Group1
969,589,Group1
856,580,Group1
1678,580,Group1
145,579,Group1
1162,574,Group1
978,573,Group1
1899,572,Group1
990,571,Group1
649,570,Group1
1314,568,Group1
141,566,Group1
1512,565,Group1
2240,564,Group1
1056,560,Group1
1811,559,Group1
20,558,Group2
631,556,Group1
701,554,Group1
2467,550,Group1
1138,548,Group1
1476,546,Group1
1027,543,Group1
805,543,Group1
1962,541,Group1
942,539,Group1
1393,538,Group1
2115,534,Group1
483,528,Group1
1323,526,Group2
1652,522,Group1
395,522,Group1
904,520,Group1
67,518,Group1
536,517,Group1
1976,515,Group2
1459,512,Group1
1176,510,Group1
582,509,Group1
1731,506,Group1
1805,504,Group1
1086,503,Group2
104,501,Group1
615,499,Group1
424,499,Group2
501,496,Group1
2538,493,Group1
1543,491,Group1
452,491,Group1
829,490,Group1
68,490,Group1
880,489,Group2
1192,488,Group1
398,488,Group2
1632,485,Group1
2522,484,Group1
902,483,Group1
1344,482,Group2
217,481,Group1
1761,480,Group1
1452,479,Group1
2272,477,Group1
2202,477,Group1
979,475,Group1
1861,475,Group2
1311,475,Group1
986,473,Group1
1380,473,Group1
74,469,Group1
2458,464,Group1
1453,464,Group1
977,461,Group1
491,458,Group2
1908,458,Group1
1826,456,Group2
1113,456,Group1
2094,455,Group1
2511,454,Group1
855,453,Group1
1777,452,Group1
102,451,Group1
1986,449,Group2
1225,444,Group2
1535,444,Group1
984,443,Group1
825,443,Group1
178,441,Group1
1433,441,Group1
127,441,Group1
886,441,Group2
1228,441,Group1
708,440,Group1
254,439,Group1
2317,439,Group1
786,439,Group1
332,436,Group1
353,436,Group1
2049,436,Group1
894,436,Group2
1374,435,Group1
1854,435,Group1
2504,434,Group1
2140,433,Group1
2386,433,Group1
1813,432,Group1
2355,432,Group2
1644,432,Group1
2554,430,Group2
964,429,Group1
1566,427,Group1
2265,427,Group1
1114,424,Group1
916,424,Group2
646,424,Group2
1560,423,Group1
1684,422,Group1
717,422,Group1
664,421,Group1
1888,421,Group1
907,421,Group1
2108,421,Group1
427,420,Group1
1714,419,Group1
1279,419,Group1
1696,418,Group1
688,416,Group1
1306,416,Group1
459,415,Group2
1963,413,Group1
271,413,Group1
346,413,Group2
1494,411,Group1
2206,411,Group1
1523,409,Group1
2152,408,Group1
393,408,Group1
1849,407,Group1
654,407,Group1
2011,406,Group1
1256,403,Group1
377,399,Group1
1718,398,Group1
159,394,Group2
2537,394,Group2
1245,393,Group1
1722,392,Group1
219,392,Group1
2417,392,Group1
679,387,Group2
2156,386,Group2
2489,386,Group1
40,385,Group1
1611,384,Group1
83,382,Group1
1793,382,Group1
22,381,Group1
2121,381,Group1
2251,381,Group1
1166,380,Group1
2517,378,Group1
682,378,Group1
1379,378,Group1
327,378,Group1
1067,378,Group1
692,377,Group1
1519,377,Group2
995,376,Group1
247,374,Group1
1550,373,Group1
417,373,Group2
2026,370,Group1
1021,370,Group1
2143,369,Group1
1522,369,Group1
1109,368,Group1
1060,368,Group1
567,367,Group1
291,364,Group1
2449,364,Group1
2122,364,Group1
1561,364,Group1
702,364,Group1
1770,363,Group1
1685,362,Group1
1759,362,Group1
756,362,Group1
1715,362,Group1
994,359,Group2
958,358,Group2
2192,357,Group1
1484,356,Group1
738,355,Group1
2483,355,Group1
577,354,Group2
883,353,Group1
1292,353,Group1
2488,351,Group1
937,351,Group1
2539,350,Group2
230,348,Group2
1474,347,Group1
2031,346,Group1
2373,345,Group1
1599,344,Group1
1943,343,Group2
2095,342,Group1
1301,341,Group1
1493,341,Group2
1797,341,Group1
1667,340,Group1
286,338,Group1
2234,338,Group1
912,337,Group1
816,337,Group1
572,337,Group2
2006,335,Group1
309,335,Group1
1534,332,Group1
38,332,Group1
185,332,Group1
1269,332,Group2
166,332,Group1
2432,331,Group1
889,331,Group1
439,331,Group2
1823,328,Group1
1542,328,Group1
1329,328,Group1
1479,328,Group1
1103,327,Group2
320,327,Group1
2226,326,Group1
1904,326,Group2
193,326,Group1
471,325,Group2
2487,325,Group2
2362,323,Group1
2213,322,Group1
1919,322,Group2
1967,322,Group1
2400,322,Group1
2242,321,Group1
1363,320,Group1
1555,319,Group1
1530,318,Group1
2474,318,Group1
1874,317,Group1
365,316,Group2
2203,316,Group1
1111,315,Group1
176,315,Group2
1342,315,Group2
2245,314,Group1
1439,314,Group2
1360,314,Group1
2009,313,Group2
2351,312,Group1
228,311,Group1
2541,311,Group1
1573,309,Group1
1929,309,Group1
976,309,Group1
1423,308,Group1
492,307,Group2
1602,307,Group1
1065,305,Group1
2443,305,Group1
750,304,Group2
1926,303,Group1
1250,303,Group1
1565,303,Group1
2521,302,Group1
1629,302,Group1
1471,302,Group1
1120,300,Group1
1095,299,Group2
2071,299,Group1
2269,299,Group1
748,298,Group1
2205,297,Group1
671,296,Group1
1434,296,Group2
740,296,Group1
2125,296,Group2
94,296,Group1
722,295,Group1
2294,295,Group1
1440,295,Group1
2225,294,Group1
1898,294,Group1
755,294,Group1
1399,294,Group1
1666,292,Group1
2021,292,Group1
1075,290,Group1
438,289,Group1
1436,289,Group1
551,288,Group2
603,287,Group2
2378,287,Group1
2295,287,Group1
1,287,Group1
1513,286,Group1
1609,285,Group1
326,285,Group1
1333,285,Group1
773,285,Group1
2119,284,Group1
239,284,Group1
616,282,Group1
1948,280,Group1
513,280,Group2
2486,280,Group1
1190,279,Group1
1077,279,Group1
1958,279,Group1
391,277,Group1
1970,277,Group2
723,276,Group1
2560,275,Group1
1694,275,Group1
1583,275,Group1
1928,274,Group2
14,273,Group1
1073,272,Group1
914,270,Group1
1833,268,Group1
1741,266,Group1
1223,266,Group2
657,266,Group2
2506,265,Group1
1277,265,Group1
1744,265,Group1
796,265,Group2
2484,265,Group1
372,264,Group2
27,264,Group1
1369,263,Group1
1185,262,Group2
54,262,Group1
1182,261,Group1
2068,261,Group2
2437,261,Group1
2275,260,Group1
232,260,Group1
2399,259,Group1
1215,258,Group2
1692,257,Group2
838,257,Group1
531,256,Group1
1672,256,Group2
629,255,Group2
2441,254,Group1
807,253,Group1
225,252,Group1
2387,251,Group1
2040,250,Group1
499,249,Group1
1475,248,Group2
1795,248,Group1
1099,247,Group1
486,247,Group1
728,246,Group1
2520,246,Group1
167,246,Group1
1745,245,Group1
1141,245,Group1
711,245,Group2
2335,244,Group1
570,243,Group1
1875,242,Group1
1309,242,Group1
1803,241,Group1
1178,241,Group1
2526,241,Group1
2257,241,Group1
1742,240,Group2
238,240,Group1
2447,240,Group1
2468,240,Group2
1901,239,Group1
1302,239,Group1
1999,238,Group2
1003,237,Group1
768,236,Group2
2385,236,Group1
1412,234,Group2
734,234,Group1
669,234,Group1
2305,234,Group1
1864,234,Group1
1508,233,Group1
1703,233,Group1
1981,232,Group1
2410,232,Group1
1627,231,Group1
35,230,Group1
1792,230,Group2
1204,230,Group1
508,230,Group1
1801,230,Group1
1541,230,Group2
1946,229,Group1
2389,229,Group1
443,229,Group2
1362,225,Group2
683,225,Group2
991,225,Group1
300,224,Group1
1139,224,Group2
2524,223,Group1
1212,223,Group1
810,223,Group1
1631,223,Group1
2451,223,Group1
2266,222,Group1
1873,222,Group1
1196,222,Group1
814,222,Group1
733,221,Group1
1477,220,Group1
1066,220,Group2
2212,220,Group1
770,220,Group2
344,219,Group1
1168,219,Group1
1325,218,Group1
1340,218,Group2
996,218,Group1
1122,217,Group1
1483,217,Group1
1407,217,Group2
2179,217,Group2
2481,215,Group1
2383,214,Group1
1118,214,Group1
842,214,Group1
2198,213,Group1
2097,212,Group1
1820,210,Group1
2096,209,Group1
44,209,Group1
2396,208,Group1
1321,206,Group1
587,206,Group1
1389,206,Group1
784,205,Group1
997,205,Group1
2126,204,Group1
259,204,Group1
1258,204,Group1
1443,203,Group1
2039,203,Group2
2434,203,Group1
1278,202,Group2
1800,202,Group2
469,202,Group1
1300,202,Group1
1524,201,Group1
622,201,Group1
1029,201,Group2
2332,200,Group2
2558,200,Group2
2416,199,Group1
2561,199,Group1
1373,199,Group1
2109,199,Group1
1931,198,Group1
947,198,Group1
1241,198,Group1
1275,197,Group1
1760,197,Group1
2424,197,Group1
2408,197,Group1
1909,197,Group1
1119,197,Group2
2016,196,Group1
2457,196,Group1
373,196,Group1
15,196,Group1
325,196,Group2
715,196,Group1
1112,195,Group1
1387,195,Group2
2445,194,Group2
781,194,Group1
49,194,Group1
105,193,Group1
2042,193,Group1
2008,193,Group1
69,193,Group2
1038,193,Group1
765,192,Group1
2491,192,Group2
1509,192,Group2
252,191,Group1
1527,191,Group1
1469,191,Group1
1353,190,Group2
2110,190,Group1
1213,190,Group1
2280,190,Group2
900,190,Group2
1214,189,Group2
1941,189,Group1
599,189,Group1
972,187,Group1
1320,187,Group1
349,187,Group1
769,187,Group1
1316,186,Group2
860,186,Group1
606,186,Group2
870,186,Group1
966,185,Group1
88,185,Group2
2227,185,Group1
226,184,Group2
2181,184,Group1
206,183,Group1
2089,183,Group1
1886,183,Group1
1447,183,Group2
2100,183,Group1
1660,183,Group1
215,182,Group1
1778,182,Group1
929,182,Group2
1123,181,Group2
117,181,Group1
2495,181,Group2
2302,180,Group1
1574,180,Group1
2368,180,Group1
345,180,Group1
908,180,Group1
2496,179,Group1
927,179,Group1
454,178,Group1
2431,178,Group2
408,178,Group1
1693,176,Group2
262,176,Group2
517,176,Group2
2075,175,Group1
1591,174,Group2
553,174,Group1
847,174,Group1
586,174,Group2
1332,173,Group1
1030,173,Group1
268,173,Group1
2531,172,Group2
371,172,Group1
571,172,Group1
2133,171,Group2
1780,171,Group1
745,171,Group2
1842,171,Group1
1216,171,Group1
2197,170,Group1
1284,170,Group1
187,169,Group2
2533,169,Group2
41,168,Group2
1956,168,Group1
2527,168,Group1
1616,168,Group1
181,167,Group1
2183,167,Group2
1187,167,Group2
2315,165,Group2
59,165,Group2
1467,165,Group1
2085,164,Group2
331,164,Group2
691,164,Group1
1804,163,Group1
1042,163,Group2
1521,163,Group1
2062,162,Group1
1881,162,Group1
526,161,Group1
30,161,Group1
1394,161,Group1
1352,161,Group1
2364,161,Group1
1328,161,Group1
2218,160,Group2
1193,159,Group2
1932,159,Group1
719,159,Group1
1940,159,Group1
2480,159,Group1
875,158,Group1
1102,158,Group1
318,158,Group2
2374,157,Group1
1281,157,Group1
2397,157,Group1
1391,157,Group2
1798,157,Group1
1966,156,Group2
642,156,Group1
283,156,Group1
405,156,Group1
1124,156,Group2
2036,156,Group2
1370,155,Group1
545,155,Group2
848,155,Group1
2333,154,Group1
2060,154,Group1
1673,154,Group1
1763,153,Group1
53,153,Group1
1782,152,Group1
1816,152,Group1
1837,152,Group1
143,152,Group1
1739,152,Group2
2035,152,Group1
1490,151,Group2
1384,151,Group1
419,151,Group1
1233,150,Group2
1238,150,Group2
817,150,Group1
821,149,Group2
1998,149,Group1
1572,149,Group1
2048,149,Group1
502,149,Group1
165,148,Group1
1170,148,Group2
824,148,Group2
542,148,Group2
2047,148,Group1
689,148,Group1
18,148,Group2
1702,147,Group1
407,147,Group2
906,146,Group1
158,146,Group2
1035,146,Group2
2301,145,Group1
943,145,Group2
50,145,Group2
626,145,Group1
1482,145,Group1
1900,145,Group1
156,144,Group2
721,144,Group1
1762,144,Group1
2259,143,Group1
1072,143,Group1
1910,143,Group1
1480,143,Group2
614,142,Group1
1127,141,Group1
1364,141,Group2
1834,141,Group1
151,140,Group1
2406,140,Group2
1039,140,Group2
2264,140,Group1
457,140,Group1
1690,139,Group1
2299,139,Group1
1446,138,Group1
1231,138,Group2
2324,138,Group1
120,138,Group2
2436,137,Group1
2331,137,Group1
993,137,Group1
779,137,Group1
2204,137,Group1
1461,137,Group1
1604,137,Group1
224,137,Group2
1648,136,Group2
1654,136,Group2
431,136,Group1
826,135,Group1
1063,135,Group1
1984,135,Group1
1829,134,Group1
1263,134,Group1
2151,134,Group1
1933,134,Group2
7,134,Group2
85,133,Group1
1991,133,Group1
36,133,Group1
1949,133,Group1
2279,133,Group1
134,132,Group2
2322,132,Group1
446,132,Group1
1700,132,Group1
1191,131,Group1
1198,131,Group1
287,131,Group1
2420,130,Group1
2134,129,Group1
2171,129,Group2
2165,129,Group1
897,128,Group1
434,128,Group2
2120,127,Group1
1207,127,Group1
1537,127,Group1
846,126,Group2
163,126,Group1
1442,125,Group1
1945,124,Group1
140,124,Group1
32,124,Group1
445,123,Group1
2498,122,Group1
1264,122,Group1
2200,122,Group1
764,122,Group1
787,122,Group1
647,122,Group1
1556,121,Group1
169,121,Group2
1224,121,Group1
2278,121,Group1
858,121,Group2
98,121,Group1
1195,120,Group1
2090,120,Group1
1624,120,Group1
2207,120,Group1
1990,120,Group1
520,120,Group2
1270,120,Group1
1586,119,Group1
1662,119,Group1
1978,119,Group1
1160,119,Group2
95,118,Group1
2167,118,Group1
1920,118,Group1
2546,117,Group1
1161,117,Group1
1915,117,Group1
659,117,Group2
396,117,Group1
473,116,Group1
2105,116,Group1
204,116,Group2
465,116,Group1
1315,116,Group1
1092,115,Group1
1877,115,Group1
891,115,Group1
290,115,Group1
360,114,Group1
2325,113,Group2
2012,113,Group1
399,113,Group1
2321,113,Group2
130,113,Group1
2313,112,Group1
831,112,Group1
2246,112,Group1
189,112,Group1
1819,112,Group1
884,111,Group1
2,111,Group2
1885,111,Group2
2470,111,Group2
1756,111,Group1
410,110,Group1
1184,110,Group1
2116,110,Group1
1732,109,Group2
2563,109,Group2
56,109,Group1
1134,108,Group2
66,108,Group1
516,108,Group1
998,107,Group1
743,107,Group1
1201,107,Group2
1985,107,Group2
350,107,Group2
2255,107,Group2
2565,107,Group2
510,106,Group1
980,106,Group1
1286,105,Group2
421,105,Group2
1337,105,Group2
409,105,Group2
618,105,Group1
1960,105,Group2
633,104,Group2
1917,104,Group1
2516,104,Group1
1240,104,Group1
1330,104,Group1
220,104,Group2
1283,103,Group2
1129,103,Group1
2130,103,Group1
923,102,Group1
462,102,Group1
1578,102,Group1
1009,102,Group1
2069,102,Group1
2339,102,Group1
1655,101,Group1
2532,101,Group2
1824,101,Group1
2027,101,Group1
2286,101,Group1
800,101,Group1
2263,101,Group1
1906,101,Group2
416,101,Group1
791,100,Group1
484,100,Group1
2196,100,Group1
968,99,Group1
174,99,Group2
1682,99,Group2
2287,99,Group1
541,99,Group1
1268,99,Group1
2111,99,Group1
1367,99,Group1
1441,99,Group2
1293,98,Group1
1918,98,Group2
1922,98,Group1
1156,97,Group1
229,97,Group1
1764,97,Group1
882,97,Group1
2063,97,Group1
2037,97,Group2
762,97,Group2
1625,96,Group1
269,96,Group1
2544,96,Group1
1552,96,Group1
2456,96,Group1
2358,96,Group2
1414,96,Group1
2462,96,Group1
2476,95,Group1
1636,95,Group1
959,94,Group1
2194,94,Group1
801,94,Group1
1796,94,Group1
2497,94,Group2
592,94,Group1
1533,93,Group2
2150,93,Group1
1815,93,Group1
1202,93,Group1
1403,93,Group1
2508,93,Group1
1905,93,Group2
2411,92,Group1
2366,92,Group1
2429,92,Group1
1282,92,Group1
2018,92,Group1
2010,92,Group2
1950,92,Group1
1105,91,Group1
1961,91,Group1
1237,91,Group2
562,91,Group2
1650,91,Group2
1173,90,Group1
2291,90,Group1
1576,90,Group1
1298,90,Group1
1525,90,Group2
322,90,Group1
1456,90,Group1
1080,90,Group2
628,90,Group2
358,90,Group1
2534,89,Group2
2551,89,Group1
885,89,Group1
639,89,Group1
2163,89,Group1
1082,89,Group1
2260,89,Group2
1743,88,Group1
2421,88,Group1
77,88,Group1
950,88,Group1
97,88,Group2
640,88,Group1
1937,88,Group1
1925,87,Group1
2001,87,Group2
1870,87,Group1
201,87,Group1
2064,86,Group1
1558,86,Group1
86,86,Group1
172,86,Group1
2293,86,Group1
2418,86,Group2
1882,86,Group1
1514,85,Group2
359,85,Group1
2274,85,Group2
362,85,Group1
2228,85,Group1
2499,85,Group1
1893,84,Group1
2117,84,Group1
1100,84,Group1
299,84,Group1
1015,83,Group1
751,83,Group1
133,83,Group1
1478,83,Group1
1466,83,Group1
2392,83,Group1
645,83,Group1
2379,83,Group1
1997,83,Group1
317,83,Group1
1074,82,Group1
2000,82,Group1
1375,82,Group1
1608,82,Group2
107,82,Group2
1848,82,Group2
2367,82,Group1
308,82,Group1
744,81,Group1
712,81,Group2
925,81,Group2
1699,81,Group1
835,81,Group1
487,81,Group1
940,81,Group1
985,80,Group1
1771,80,Group2
288,80,Group1
212,80,Group1
1810,80,Group2
1738,80,Group1
2023,79,Group1
1942,79,Group2
1234,79,Group1
1850,79,Group1
374,79,Group1
1057,79,Group2
2464,79,Group1
2258,79,Group1
385,78,Group1
1921,78,Group1
1273,78,Group2
1297,78,Group1
1965,78,Group2
1272,78,Group1
1994,78,Group1
2268,78,Group1
2375,78,Group1
2217,78,Group2
933,78,Group1
1318,78,Group2
1894,78,Group1
624,78,Group1
2191,77,Group1
1244,77,Group2
1630,77,Group1
2284,77,Group1
121,77,Group1
1856,76,Group2
2139,76,Group1
853,76,Group2
930,76,Group1
1115,75,Group1
132,75,Group2
924,75,Group2
2219,75,Group1
436,75,Group2
1401,75,Group2
713,75,Group1
1612,75,Group1
1411,75,Group1
6,74,Group2
328,74,Group2
1221,74,Group2
240,74,Group2
1458,74,Group1
699,74,Group2
2123,73,Group1
451,73,Group1
356,73,Group2
1148,73,Group1
1563,73,Group1
1671,73,Group1
425,72,Group2
590,71,Group1
564,71,Group1
1208,71,Group1
315,71,Group1
1838,71,Group1
1814,70,Group2
851,70,Group1
1386,70,Group1
319,70,Group1
1754,70,Group2
2176,70,Group1
1091,69,Group2
1934,69,Group1
1588,69,Group1
194,69,Group2
2091,69,Group2
70,69,Group1
2248,69,Group1
1549,69,Group1
1096,68,Group1
2250,68,Group2
2323,68,Group2
179,68,Group2
1544,68,Group1
139,68,Group2
1634,67,Group1
1502,67,Group2
91,67,Group2
1322,67,Group1
2566,66,Group2
2187,66,Group1
873,66,Group1
1262,66,Group1
244,66,Group1
2347,66,Group2
342,66,Group1
607,66,Group1
1916,65,Group2
1249,65,Group1
2093,65,Group2
1628,65,Group1
2144,65,Group2
202,64,Group2
75,64,Group1
370,64,Group1
2463,64,Group1
922,64,Group1
527,64,Group1
918,64,Group1
2356,63,Group1
142,63,Group1
1085,63,Group2
1907,63,Group1
96,63,Group1
1230,62,Group1
1093,62,Group1
1028,62,Group1
2235,62,Group1
2350,62,Group2
126,62,Group1
218,62,Group1
2515,62,Group1
1830,62,Group1
1866,62,Group2
101,61,Group2
1615,61,Group2
1808,61,Group2
1336,61,Group1
1891,61,Group1
2070,61,Group2
123,60,Group1
437,60,Group1
2439,60,Group1
355,59,Group2
2067,59,Group1
2164,59,Group2
1400,59,Group1
575,59,Group1
739,59,Group1
153,59,Group2
839,59,Group1
546,58,Group1
822,58,Group1
1463,58,Group1
108,58,Group1
1210,58,Group2
1959,58,Group1
255,57,Group2
636,57,Group1
1766,57,Group1
2342,56,Group1
1235,56,Group2
2005,56,Group1
57,55,Group1
84,55,Group2
981,55,Group1
1575,55,Group1
1317,55,Group1
1996,54,Group2
1041,54,Group1
1995,54,Group1
380,54,Group1
146,54,Group2
1977,54,Group1
455,54,Group1
859,54,Group2
1887,54,Group1
1860,54,Group2
1587,54,Group1
519,54,Group1
222,53,Group1
1048,53,Group2
2501,53,Group1
803,52,Group2
2290,52,Group2
736,52,Group1
2022,52,Group2
1974,52,Group2
678,52,Group1
435,52,Group2
1821,52,Group1
466,52,Group1
1701,52,Group2
1295,52,Group1
1746,52,Group1
1505,52,Group1
209,51,Group1
1013,51,Group1
352,51,Group2
613,51,Group1
1618,51,Group1
1501,51,Group1
1640,51,Group1
1319,51,Group1
2394,50,Group1
1812,50,Group1
24,50,Group1
2547,50,Group1
944,50,Group1
2230,50,Group1
1117,50,Group1
1050,50,Group1
757,50,Group2
2186,49,Group2
1511,49,Group1
843,49,Group1
279,49,Group1
754,49,Group2
1982,49,Group2
498,49,Group1
971,49,Group1
2500,49,Group1
1062,49,Group1
2409,49,Group2
703,48,Group2
1402,48,Group1
304,48,Group1
1007,48,Group2
1705,47,Group1
1661,47,Group2
1303,47,Group1
207,47,Group1
2256,47,Group1
1723,47,Group1
1285,47,Group2
946,47,Group1
1772,46,Group2
2444,46,Group2
2440,46,Group1
766,46,Group1
321,46,Group1
2354,46,Group1
638,46,Group1
1836,46,Group1
1500,46,Group1
2473,45,Group1
2052,45,Group1
2455,45,Group1
1677,45,Group1
1406,45,Group2
2309,45,Group2
246,45,Group1
538,45,Group1
2170,45,Group1
2298,45,Group1
190,45,Group1
1884,44,Group2
761,44,Group2
1034,44,Group1
1878,44,Group1
1392,44,Group2
1110,44,Group1
2051,44,Group1
1018,44,Group1
2540,44,Group2
1094,43,Group2
1052,43,Group1
2327,43,Group2
2161,43,Group1
210,43,Group1
2131,43,Group1
2028,43,Group1
387,43,Group1
2058,43,Group1
887,43,Group1
1825,42,Group2
961,42,Group1
1004,42,Group1
480,42,Group2
2216,42,Group1
460,42,Group2
205,42,Group1
1242,41,Group1
1675,41,Group1
2118,41,Group1
1485,41,Group1
2162,41,Group2
9,41,Group2
277,41,Group1
470,41,Group2
840,41,Group1
1455,40,Group1
1061,40,Group2
1155,40,Group2
488,40,Group1
1721,40,Group1
109,40,Group1
2427,40,Group2
1000,40,Group2
1733,39,Group2
1022,39,Group2
1226,39,Group2
1357,39,Group2
25,39,Group1
31,39,Group2
566,38,Group1
2507,38,Group1
1776,38,Group1
2072,38,Group1
2316,38,Group2
1651,38,Group1
2446,38,Group1
568,37,Group1
2014,37,Group1
1971,37,Group2
1126,37,Group1
2078,37,Group2
573,37,Group1
1828,37,Group1
1716,36,Group2
1031,36,Group2
323,36,Group2
777,36,Group1
2448,36,Group1
1596,35,Group2
811,35,Group1
2044,35,Group1
489,35,Group1
686,35,Group1
1361,35,Group1
3,35,Group2
2088,35,Group1
2304,35,Group1
2281,35,Group1
1183,35,Group2
2550,35,Group2
214,35,Group1
2469,35,Group1
684,35,Group1
892,34,Group1
2074,34,Group2
1787,34,Group1
1831,34,Group1
10,34,Group2
52,34,Group2
1338,34,Group1
511,34,Group2
2249,34,Group2
12,34,Group2
1717,34,Group2
100,34,Group2
1827,34,Group2
1659,34,Group1
849,34,Group2
376,33,Group2
1691,33,Group1
1153,33,Group2
2017,33,Group1
1506,33,Group1
2382,33,Group2
864,33,Group1
160,33,Group2
2403,33,Group2
2377,33,Group1
999,33,Group2
2509,33,Group2
1935,32,Group1
611,32,Group2
954,32,Group2
808,32,Group1
196,32,Group2
799,32,Group1
1613,32,Group2
888,32,Group1
1206,32,Group1
249,32,Group2
2114,32,Group2
478,32,Group2
963,32,Group2
81,31,Group2
625,31,Group1
330,31,Group1
404,31,Group2
251,31,Group1
1046,31,Group1
78,31,Group1
324,31,Group2
509,31,Group2
1408,31,Group1
610,31,Group2
1239,31,Group2
2129,31,Group2
1865,30,Group2
641,30,Group1
2013,30,Group1
857,30,Group1
1154,30,Group2
1679,30,Group1
2413,30,Group1
938,30,Group2
1844,30,Group1
869,30,Group2
1137,30,Group1
788,30,Group2
208,30,Group2
596,29,Group1
92,29,Group1
2393,29,Group2
1280,29,Group1
1944,29,Group2
1911,29,Group2
2084,29,Group1
2237,29,Group1
354,29,Group1
1359,29,Group1
234,29,Group1
529,29,Group2
1923,28,Group1
1972,28,Group2
2124,28,Group2
697,28,Group2
2564,28,Group2
1171,28,Group2
1020,28,Group1
1902,28,Group1
1199,28,Group2
741,28,Group2
540,28,Group2
170,28,Group1
180,28,Group2
2530,28,Group2
1750,28,Group2
2425,27,Group1
1462,27,Group2
1653,27,Group1
338,27,Group1
1016,27,Group2
1421,27,Group2
464,27,Group1
2189,27,Group1
1165,27,Group2
2220,27,Group1
1174,27,Group2
2360,27,Group1
865,27,Group2
974,27,Group1
874,27,Group2
1172,26,Group1
2215,26,Group2
1097,26,Group1
1783,26,Group2
2199,26,Group2
2195,26,Group2
188,26,Group2
1664,26,Group1
550,26,Group2
13,26,Group2
2007,26,Group2
313,26,Group2
1789,26,Group2
598,26,Group2
939,26,Group1
1488,26,Group1
1356,25,Group2
952,25,Group2
2174,25,Group2
400,25,Group2
815,25,Group1
2127,25,Group1
593,25,Group1
1809,25,Group1
735,25,Group1
2238,25,Group2
2244,25,Group1
1749,25,Group1
2247,25,Group1
2138,25,Group2
2087,25,Group2
148,25,Group1
1417,25,Group1
928,25,Group2
1786,24,Group2
1081,24,Group2
833,24,Group2
2270,24,Group2
175,24,Group2
182,24,Group1
2314,24,Group1
1747,24,Group2
2053,24,Group1
1481,24,Group2
1969,24,Group2
1840,24,Group1
709,24,Group1
39,24,Group1
2556,23,Group1
522,23,Group2
1674,23,Group2
1388,23,Group1
1346,23,Group2
1641,23,Group1
1903,23,Group1
2300,23,Group2
1106,23,Group1
1554,23,Group2
1753,23,Group2
823,23,Group2
732,22,Group1
695,22,Group2
1288,22,Group2
1304,22,Group1
2372,22,Group1
1076,22,Group2
949,22,Group1
623,22,Group2
798,22,Group2
494,22,Group2
670,22,Group1
543,22,Group2
648,22,Group1
183,22,Group1
989,22,Group2
1290,22,Group1
1430,22,Group2
1385,21,Group1
1487,21,Group2
1164,21,Group1
680,21,Group2
386,21,Group2
548,21,Group1
413,21,Group2
1510,21,Group1
1177,21,Group2
58,21,Group1
898,21,Group2
565,20,Group2
292,20,Group1
1294,20,Group2
1489,20,Group2
16,20,Group2
1047,20,Group2
2073,20,Group2
1730,20,Group2
1006,20,Group2
1218,20,Group1
490,20,Group2
138,20,Group1
658,20,Group1
1468,20,Group1
444,19,Group2
802,19,Group1
1045,19,Group1
2160,19,Group2
2513,19,Group1
1952,19,Group2
1546,19,Group1
1847,19,Group2
384,19,Group2
2510,19,Group1
725,19,Group1
1413,19,Group2
2065,19,Group1
264,19,Group1
2024,19,Group1
901,18,Group2
1646,18,Group1
2277,18,Group1
584,18,Group1
152,18,Group1
866,18,Group1
110,18,Group1
524,18,Group2
87,18,Group2
1274,18,Group2
1151,17,Group1
475,17,Group2
1589,17,Group2
403,17,Group1
1912,17,Group2
876,17,Group1
1448,17,Group1
1144,17,Group2
1371,17,Group1
135,17,Group2
1720,17,Group1
854,17,Group2
2282,17,Group2
76,17,Group2
1518,17,Group1
294,17,Group1
2559,17,Group2
1345,17,Group2
2518,17,Group2
1594,17,Group2
1355,17,Group2
1101,16,Group1
363,16,Group2
1150,16,Group2
935,16,Group1
612,16,Group1
774,16,Group1
37,16,Group2
73,16,Group1
231,16,Group1
753,16,Group2
1729,16,Group1
2083,16,Group2
1498,16,Group2
1260,16,Group1
2297,16,Group2
910,16,Group2
1008,16,Group2
1947,16,Group1
136,15,Group2
272,15,Group2
63,15,Group1
1539,15,Group2
2155,15,Group1
771,15,Group1
253,15,Group2
1418,15,Group2
266,15,Group1
2492,15,Group1
653,15,Group2
780,15,Group2
1366,15,Group1
1851,15,Group2
1817,15,Group2
2502,15,Group2
2059,15,Group2
2061,15,Group1
1348,15,Group1
1712,15,Group2
1140,15,Group1
2371,15,Group2
507,15,Group2
1420,15,Group2
378,15,Group2
650,15,Group2
1598,15,Group1
1324,14,Group2
1992,14,Group2
236,14,Group2
2099,14,Group2
433,14,Group1
2361,14,Group1
26,14,Group1
1597,14,Group2
554,14,Group2
2082,14,Group2
46,14,Group1
150,14,Group2
523,14,Group2
1841,14,Group1
1526,14,Group2
1668,14,Group2
2412,14,Group2
1600,14,Group2
2348,14,Group1
248,14,Group2
604,13,Group2
1781,13,Group2
945,13,Group2
340,13,Group2
893,13,Group2
1862,13,Group2
1536,13,Group2
1637,13,Group1
504,13,Group2
1647,13,Group1
505,13,Group2
1037,13,Group1
1383,13,Group1
2296,13,Group2
2214,13,Group1
665,13,Group2
2336,13,Group2
716,13,Group1
776,13,Group2
1681,12,Group2
1993,12,Group1
1779,12,Group2
905,12,Group2
1622,12,Group2
2334,12,Group2
8,12,Group1
2435,12,Group1
1121,12,Group1
1724,12,Group2
730,12,Group2
2415,12,Group1
422,12,Group1
2034,12,Group2
747,12,Group2
1261,12,Group2
430,12,Group2
1142,12,Group2
1068,12,Group2
440,12,Group1
867,12,Group2
890,12,Group2
2548,12,Group1
1680,12,Group2
2337,12,Group1
1438,12,Group1
2038,12,Group2
1938,12,Group2
2086,11,Group1
841,11,Group2
1863,11,Group2
2549,11,Group2
1145,11,Group1
1432,11,Group2
514,11,Group2
2057,11,Group2
155,11,Group2
661,11,Group2
23,11,Group1
1460,11,Group2
45,11,Group2
2512,11,Group2
64,11,Group1
778,11,Group2
2169,11,Group2
917,11,Group2
1390,11,Group1
627,11,Group1
2329,11,Group1
1726,10,Group2
71,10,Group1
1623,10,Group1
368,10,Group2
1026,10,Group2
2402,10,Group1
1914,10,Group2
1130,10,Group2
456,10,Group2
171,10,Group2
2404,10,Group2
2267,10,Group2
366,10,Group2
2182,10,Group2
2149,10,Group2
1711,10,Group2
1858,10,Group1
2102,10,Group1
1200,10,Group2
2391,10,Group1
2288,10,Group2
792,10,Group1
1979,10,Group2
690,10,Group2
1529,10,Group2
280,10,Group2
1649,10,Group2
260,10,Group2
79,10,Group2
1520,10,Group1
2020,10,Group1
2210,10,Group1
1973,9,Group2
1751,9,Group2
375,9,Group2
2107,9,Group2
2344,9,Group2
1222,9,Group2
316,9,Group2
1299,9,Group2
2523,9,Group1
51,9,Group1
1735,9,Group2
1868,9,Group2
284,9,Group1
302,9,Group2
496,9,Group1
920,9,Group2
2193,9,Group2
461,9,Group2
1486,9,Group2
2077,9,Group2
533,9,Group1
931,9,Group2
1876,9,Group2
2229,9,Group1
1133,9,Group2
1431,9,Group2
348,9,Group2
830,9,Group1
17,9,Group2
988,9,Group2
1017,9,Group1
1098,9,Group2
1247,9,Group1
1427,9,Group1
1835,8,Group1
382,8,Group2
314,8,Group2
1289,8,Group2
2346,8,Group2
221,8,Group2
763,8,Group1
1358,8,Group1
675,8,Group1
772,8,Group2
794,8,Group1
1180,8,Group2
696,8,Group1
2311,8,Group2
973,8,Group2
1377,8,Group1
705,8,Group2
1012,8,Group2
2224,8,Group2
609,8,Group1
635,8,Group2
2002,8,Group1
693,8,Group1
118,8,Group1
245,8,Group1
2252,8,Group2
2104,8,Group2
579,8,Group2
1205,8,Group2
47,8,Group1
333,8,Group2
1867,8,Group2
965,8,Group1
1507,8,Group2
1784,8,Group1
1405,8,Group2
243,8,Group1
2343,8,Group1
2503,8,Group1
481,7,Group2
1236,7,Group2
620,7,Group2
1614,7,Group2
1872,7,Group1
295,7,Group2
168,7,Group1
1503,7,Group1
521,7,Group2
1296,7,Group2
2319,7,Group2
124,7,Group2
2172,7,Group2
806,7,Group1
1617,7,Group1
1773,7,Group2
881,7,Group1
2076,7,Group1
1880,7,Group2
414,7,Group1
742,7,Group2
2136,7,Group2
1158,7,Group2
203,7,Group2
2479,7,Group1
113,7,Group2
147,7,Group2
1769,7,Group2
177,7,Group2
1989,7,Group2
297,7,Group2
617,7,Group2
667,7,Group1
497,7,Group1
1087,7,Group2
655,6,Group1
921,6,Group2
714,6,Group2
420,6,Group1
2146,6,Group2
652,6,Group2
583,6,Group2
1188,6,Group2
515,6,Group2
211,6,Group1
834,6,Group2
1669,6,Group1
2326,6,Group2
162,6,Group2
1014,6,Group1
1327,6,Group1
2015,6,Group2
2211,6,Group1
2145,6,Group2
310,6,Group1
1785,6,Group2
992,6,Group1
1128,6,Group1
932,6,Group2
2239,6,Group2
827,6,Group1
2359,6,Group2
758,6,Group1
379,6,Group2
237,6,Group1
389,6,Group1
448,6,Group1
89,6,Group2
1807,6,Group1
1339,6,Group1
458,6,Group2
1069,6,Group1
93,5,Group2
2401,5,Group2
2276,5,Group1
1707,5,Group1
2414,5,Group1
192,5,Group2
1665,5,Group2
90,5,Group2
1053,5,Group1
2081,5,Group2
1936,5,Group1
608,5,Group2
2514,5,Group1
2232,5,Group1
1695,5,Group1
1079,5,Group2
1243,5,Group2
411,5,Group2
1736,5,Group2
1517,5,Group2
1913,5,Group1
1131,5,Group2
2175,5,Group2
1070,5,Group2
2103,5,Group2
698,5,Group2
585,5,Group2
919,5,Group2
2453,5,Group2
2157,5,Group1
595,5,Group1
1980,5,Group2
335,5,Group2
2308,5,Group2
55,5,Group2
749,5,Group1
65,5,Group2
537,5,Group2
1415,5,Group2
2080,5,Group1
1425,5,Group2
1287,5,Group2
1335,5,Group2
2349,5,Group2
1175,5,Group2
1540,5,Group1
1055,5,Group2
2459,5,Group2
1620,5,Group2
2019,5,Group1
1424,4,Group2
2222,4,Group2
306,4,Group1
718,4,Group2
2253,4,Group2
861,4,Group1
555,4,Group2
1740,4,Group2
674,4,Group2
2542,4,Group2
415,4,Group2
1217,4,Group2
644,4,Group2
591,4,Group2
2395,4,Group2
1569,4,Group1
274,4,Group2
112,4,Group2
2555,4,Group2
588,4,Group2
1605,4,Group1
281,4,Group2
2030,4,Group1
662,4,Group1
987,4,Group1
1871,4,Group2
819,4,Group2
472,4,Group2
828,4,Group1
1551,4,Group2
2050,4,Group2
957,4,Group2
1349,4,Group1
518,4,Group2
1040,4,Group2
477,4,Group2
539,4,Group2
418,4,Group2
1220,4,Group1
267,4,Group1
80,4,Group2
197,4,Group1
60,4,Group1
157,4,Group2
700,4,Group2
2137,4,Group2
2043,3,Group1
282,3,Group1
256,3,Group2
449,3,Group2
474,3,Group2
1491,3,Group1
1635,3,Group2
558,3,Group2
1983,3,Group1
1232,3,Group1
186,3,Group2
450,3,Group2
1024,3,Group1
2141,3,Group1
2545,3,Group2
1547,3,Group2
1343,3,Group1
1312,3,Group1
656,3,Group2
589,3,Group2
913,3,Group2
351,3,Group2
2485,3,Group2
48,3,Group2
563,3,Group2
2422,3,Group1
406,3,Group2
1410,3,Group2
2285,3,Group2
61,3,Group1
836,3,Group2
2357,3,Group2
495,3,Group2
1822,3,Group2
936,3,Group2
559,3,Group1
605,3,Group1
191,3,Group1
1266,3,Group2
2178,3,Group2
305,3,Group2
1852,3,Group1
1846,3,Group2
1010,3,Group1
275,3,Group2
601,3,Group1
1606,3,Group1
727,3,Group2
235,3,Group1
1752,3,Group2
2056,3,Group1
119,3,Group2
561,3,Group2
2338,3,Group2
2430,3,Group1
1197,3,Group2
1409,3,Group2
2398,3,Group2
1019,3,Group2
1157,3,Group2
789,3,Group1
1688,3,Group2
1639,3,Group2
1748,3,Group1
2079,3,Group2
1889,3,Group2
2519,3,Group2
724,2,Group2
2132,2,Group1
195,2,Group1
737,2,Group2
1313,2,Group2
111,2,Group2
1516,2,Group2
2450,2,Group1
1334,2,Group2
2142,2,Group1
525,2,Group2
1728,2,Group1
2003,2,Group1
871,2,Group2
2306,2,Group1
2289,2,Group2
1084,2,Group2
2092,2,Group2
1025,2,Group2
707,2,Group2
1663,2,Group1
951,2,Group2
1326,2,Group2
2390,2,Group1
544,2,Group1
852,2,Group2
1125,2,Group1
1768,2,Group2
1713,2,Group2
2041,2,Group1
116,2,Group2
1869,2,Group2
394,2,Group2
782,2,Group1
955,2,Group2
597,2,Group1
1734,2,Group2
1451,2,Group2
276,2,Group2
2190,2,Group2
1704,2,Group2
72,2,Group1
1265,2,Group2
1708,2,Group2
1445,2,Group2
1791,2,Group2
1645,2,Group2
1839,2,Group1
2025,2,Group1
442,2,Group2
2055,2,Group1
677,2,Group1
412,2,Group1
1930,2,Group1
1548,2,Group2
809,2,Group1
1567,2,Group2
1570,2,Group2
1818,2,Group2
909,2,Group2
1607,2,Group1
1590,2,Group2
2128,2,Group2
1229,2,Group2
1497,2,Group2
1090,2,Group2
2478,2,Group2
1159,2,Group2
1697,2,Group2
760,2,Group1
298,2,Group2
29,2,Group2
2147,2,Group2
630,2,Group2
578,2,Group1
569,2,Group2
1857,2,Group2
270,2,Group2
1368,2,Group2
619,2,Group2
1957,2,Group2
1308,2,Group1
1473,1,Group1
2461,1,Group2
336,1,Group2
600,1,Group2
1584,1,Group2
392,1,Group2
1855,1,Group1
1727,1,Group1
1633,1,Group1
2221,1,Group2
106,1,Group1
19,1,Group2
2154,1,Group2
632,1,Group1
1975,1,Group2
1428,1,Group2
1603,1,Group2
2231,1,Group1
506,1,Group2
530,1,Group2
2004,1,Group2
42,1,Group2
1585,1,Group2
1737,1,Group2
2033,1,Group2
1051,1,Group2
1496,1,Group1
99,1,Group2
2494,1,Group1
812,1,Group2
1595,1,Group2
1398,1,Group2
1853,1,Group2
1181,1,Group1
1136,1,Group2
820,1,Group2
694,1,Group2
872,1,Group1
1465,1,Group2
1757,1,Group2
2353,1,Group2
1211,1,Group2
1146,1,Group1
129,1,Group2
1104,1,Group2
982,1,Group2
2185,1,Group1
1078,1,Group2
2173,1,Group2
1251,1,Group1
1186,1,Group1
960,1,Group2
1444,1,Group1
962,1,Group2
2505,1,Group2
1657,1,Group2
2223,1,Group1
301,1,Group2
2426,1,Group2
149,1,Group1
844,1,Group2
1252,1,Group2
2465,1,Group1
1058,1,Group2
2233,1,Group1
241,1,Group2
2466,1,Group2
1610,1,Group2
1054,1,Group2
1832,1,Group2
2535,1,Group2
2407,1,Group2
2433,1,Group2
581,1,Group2
1626,1,Group2
339,1,Group2
934,1,Group2
1802,1,Group2
1365,1,Group2
878,1,Group2
2543,1,Group2
621,1,Group2
2106,1,Group2
1890,1,Group2
1143,1,Group2
1642,1,Group2
1005,1,Group2
2307,1,Group2
983,1,Group2
1562,1,Group2
2236,1,Group2
1169,1,Group2
1043,1,Group1
2442,1,Group2
895,1,Group1
28,1,Group2
1023,1,Group2
2452,1,Group2
2046,1,Group1
1790,1,Group2
663,1,Group1
2472,1,Group2
33,1,Group2
687,1,Group2
173,1,Group1
2482,1,Group2
343,1,Group2
1149,1,Group2
2292,1,Group2
2388,1,Group2
2312,1,Group2
2310,1,Group2
637,1,Group1
1209,1,Group1
2158,1,Group2
2460,1,Group2
547,1,Group2
1259,1,Group1
2168,1,Group2
2340,1,Group1
397,1,Group2
2029,1,Group2
1988,1,Group2
1689,1,Group2
837,1,Group1
1619,1,Group1
1968,1,Group1
2159,1,Group2
1347,1,Group1
1568,1,Group2
1397,1,Group2
1638,1,Group2
